HDATE,NY0115,GAGRA0369,BWMS2TPL50,BWMS2TPL300,LABC-004,NY2221,CRSCRUB250,BWDISHLTM500,LAS-001,NY2177,GAGRA0156,NE1102042,BWMS2TPL50C,NY2198,GAGRA0006,BLP002C,NY2368,NY2182,LR10012,MGSD20973,BWHSTPL300,CRMR250,LR10611,GAGRG0135,BLC008G,LAC-006,NY2237,LAB-012,LAB-00,NY2369,NE1221001,ER01BLCNR,CRSP400,NY1663,LAS-021,CRSBC250,NY0114,LAS-002,LR11046,NE1103067,LR11081,NE1102063,LAL-005,NE14315,NY1312,LAC-014,RE4410,MGCC60509,LAS-010,MGSD20901,UK4582328104234,NY2161,NY0356,BWFWLTM500,GAGRA0071,CRRAS250,LAS-003,RAAB0013A,LR11082,NY2419,BWBSLTM500,LR10609,CRMBC250,NY2171,NE1221002,LR10610,BWFWTPL500,BWBSTPL500,MGPO901,MHROLLTT002,NE1103073,NY2176,NY1402,BLB001,MHRSHC01,LR11076,NY2183,ABSO0023,BWSASNL125,GAGRA0330,BA5055479087187,NE1221011,BWFWSPR500,NY2346,ER01DCR25R,NE1103068,NY0305,NY0677,NY2715,RAAB0089,NY0676,CRSV400,BWLWTPL500,NY2710,LE463034,ER01TMRNR,GAGRA0087,LR11058,NY8356,NY0716,LAL-013,BWBSSPR500,NY2240,1B015010,GAGRA0050,MGFM11210,UK4582328104654,ER10SMONR,NE1101168,BWGSSPR500,BA5055479083867,ER10SMCR,LAS-020,NY2805,LALABO-ROSE,NY2748,BA5055479042674,LR10513,MHTT065,NE1222002,NY2180,NY8357,NY2032,NY2200,UK4582328104500,ILCH01B,MGFM10210,NE1221003,NY2384,NE1222001,ILESSIX02B,ILCBLS14B,ER01BCRR,LE463058,NY2175,RAAB0001A,NY2370,ER01BAW16CR,LAB-008,MHROLLRS001,UK4582328104609,NY2802,1B050010,LR11022,1B150096,NY1661,ER14LB2NR,NY2164,GAGRA0248,BA5055479084810,MHTTBL01,NY0314,1B015044,LR10001,NY2711,LR11023,UK4582328108119,NY2224,NY1516,ILLC01B,NY1513,NY2172,NY2749,RAAB0003A,GAGRA0186,NY2165,NE1101169,LR11171,UK4582328108447,ER10MBBNR,NE1221009,GAGRA0311,NY8252,RAAB0068,EE50763,OM10801,LBLBMP006,CRSP250,OM13701,NE1214005,MGHW218250,NE1214006,NE1104001,CRCC250,NY2155,LR10640,ER10ONBNR,GAGRA0042,BA5055479083865,GAGRA0314,NY0721,NE1102039,NE1210014,NE1103071,NY0326,NY1301,LR10303,LASMS-014,NE1103072,BLA029,UK4582328104647,ER14LB1NR,GAGRA0183,BWDELIBCP500,MHROLLLD003,NY1401,MHLMHC01,LALABO-SANTAL,ILLC02B,NY0159,NY7095,LR11035,NY1797,LR11045,ABSO0041,NY7096,BA5055479088948,GAGRA0013,LASMS-021,MGBS20475,RE3846,GAGRA0356,NE1221012,NE1209023,LBLBMP005,NE1202036,LR10224,NY2186,NY2381,CRCDJ100,NY2170,NY2801,LR10574,UK4582328108126,NY2804,LR10166,MHTTBW01,LBLBMP032,NY0014,NY0094,BLC008R,ILTPJAR01B,EE50173,ILTSSC02B,MGFC10008,ILCBLS04B,ILCBLS03B,MGHS30016,LBLBMD006,LR10625,JASP94N,GAGRA0018,RAAB0054,ILCBLS15B,NY7173,ER01BAWCR,NE1209024,BWFVWNC500,BWDWPL500,LR11100,NY2179,NY1307,ABSO-20,CRMH200,NE1202035,ILSF01B,LR11053,NY2199,ER01LOT16R,NE1101164,LR10576,NY2181,NY8359,UK4582328104678,GAGRA0220,NY2803,BWBBWBCP250,NY0311,CRDV250,NY1520,LE463003,NY2236,LR10510,MHTTSP01,NE1210008,GAGRA0020,1B050003,BWDDWPL100,MGHW20916,NE1221008,MGST11612,CRRASMEN250,NY2166,ILCBLS06B,ER01LOTR,1B015003,RE3705A,ER01BOINR,GAGRA0075,BWKSPL150,LAS-008,LR10164,LR10575,LR11052,LR11024,LBLBMD032,NE1101172,MGFC51850,ER01SCBNR,ILSF15B,NY2415,UK4582328104685,RAAB0059,NE1103069,UK4582328104517,NY8362,CRSH250,GAGRA0003,NY1533,NY2173,LR10631,NY1419,NY0554,ILCH02B,ABSO-32,RE4764,LR10509,NY0048,NY0572,NE1210009,NY0512,RE3702A,MGHS30008,NY0570,MHTTHW01,ABSO-33,NY0520,NE1101163,CRSV250,NY0046,NY2362,BWBWLTM500,NE1219013,NY2709,ILCH04B,BWBWSPR500,NE1221014,ILCBLS01B,MHTTHL01,NY2185,LR11061,GAGRA0005,NE1101170,NE1221004,LR10635,UK4582328104692,1B015008,UK4582328104715,NY8253,UK4582328110563,1B050008,NY0785,NY1640,NY0654,RAAB0069,BWBWTPL500,RE30344,LR10165,LR11054,EH0940,BWSOAPFS100,ER10MRONR,GAGRA0173,ABSO-26,NY2204,EH0903A,NY2230,BWBBPBCP100,1B000135,NY8250,RAAB0014A,CRSR400,NY1542,LAS-019,CRBV150,NY0538,NY2135,NY2407,JA71SP226FUX,LBLBMP039,NY2430,ILCH03B,NE1221013,MHRSBC01,ER03DEONR,RAAB0085,MHTT001,1B150097,1B015007,RE4224,UK4582328108133,LBLBMP003,NY2167,ER01BSOR,BA5055479088924,NY0193,NY2500,EE00173,LR10171,NY0701,ER10QEANR,LAS-014,NY0097,NY2229,ILSF02B,MGFC51950,GAGRA0004,MHRSBW01,1B050011,NE1209026,NE1101253,LR11040,NY2303,MHLMBW01,CRGDP250,RE30894,LR10633,LR11051,1B050002,NY1608,RE4556,OM14801,1B050020,MGCM60009,NY5212,NY0151,BA5055479088931,NE1101165,1B050007,BA5055479042698,UK4582328108102,NY2206,LR10634,BWYMSTPL150,ILCH05B,LR10572,NY2712,LR11066,NE1207006,RE44291,NY2143,OM19501,NY2231,GAGRA0217,CRSR250,GAGRA0048,LE463348,GAGRA0012,1B050044,NY1655,GAGRG0149,NE1219011,NY0552,LR10978,NY2168,EH0921B,MGHW20116,RAAB0103,NY2205,ILCBLS02B,ILPS01B,MGHW20316,LBLBMS003,BA5055479086258,1B015031,1B300056,NY1540,MHRS065,RE32294,EH1014,MHCAD120,LR10980,ABSO0082,ER14RFBNR,GAGRA0068,ILTSSC01B,UK4582328100014,EH0952A,GAGRA0082,NE1101174,EH0910A,NE1202052,RE44411,EH0969,NE1103070,MHLOSBW01,NY1050,1B300154,RAAB0075,EH0908C,GAGRA0001,LBLBMP008,NE1203012,ILTSSC15B,MHENBW01,RAAB0002A,MHWANBW01,RE3704A,LBLBMD003,NY0835,UK4582328108461,MGFM10704,RE31375,NY2310,ABSO0042,NY0898,LR10223,1B999154,BA5055479071544,NE1203011,NE1209025,BA5055479083836,UK4582328108249,NE1101173,ER03DEJNR,MGCR60109,GAGRA0049,JASP95N,GAGRA0019,OM15401,NY0088,UK4582328108140,RE30815,Abso0012,GAGRA0033,BWSACNL100,NE1101167,LBLBMP038,BA5055479083842,NY0010,RE4581,LE463041,NY2207,RE3609,LR11032,LR10502,LBLBMP037,MHLOSSP01,LR10516,LBLBMD005,BA5055291784783,BA5055479059535,LR11077,NY1418,BA5055291784769,EH0911,MGCL61109,NY0569,ABSO0031,MHRSSP01,NE1230001,MGFM10104,EH0912A,NY0081,NY2037,RE3380A,NY1665,1B150098,NY0534,NY1052,LE463362,UK4582328104661,ER15FIONR,CRBH150,ABSO-0EAU,RAAB0055,ILESSIX01B,NY0670,NE1203010,ILCBLS09B,BA5055479059528,OM17001,ILEP01B,NY2163,ILMS04B,NY0881,ILCLLE01B,BA5055479083840,1B050004,BA5055479059504,MHLMBL01,NY1799,ABSO-0030,MGHW207250,ABSO0012,NY2233,GAGRA0032,1B050033,NE1219014,NY2184,LR11017,1B015002,LR10996,LR10162,NE1201024,OM10501,NY0035,OM17201,BA5055479083844,MHCDJ665,NE1103074,NY1531,UK4582328108317,1B999056,MHRS001,OM16411,NY2501,NY3700,NY2202,NY2713,NY2174,NE1101177,MHHIDSP01,NY1051,NY6882,BWBBLBCP250,MGBL219250,OM19201,LE463386,OM13401,NY1647,NY0828,BA5055479083843,UK4582328108225,ILMS05B,RE3706A,NY6070,ILCBLS13B,ABSO1004,RE4767,OM15101,LR10309,LBLBMD037,NE1230002,LBLBMD039,LR10546,NY0994,NY2404,EH0909,JASP63N,RE3709A,UK02000058,ABSO-15MREP,BWBBBBCP100,ILSF03B,ABSO1005,NY0561,GAGRA0007,ILMS08B,BA5055479083846,GAGRA0030,UK4582328100021,UK4582328108584,ILMS07B,1B015033,BA5055479056480,NY0830,MGFM12815,EH0946A,LR10085,MHLMSP01,MHCDJ601,LBLBMS012,NY1024,MHENSP01,LR10553,MGFC51203,LR10641,ILLM01B,MHPDS665,NY2417,OM17601,MHWANSP01,LR10161,NY0693,LR11036,ABSO-2CFN,GAGRA0024,UK4582328108300,NY7419,RE3385A,RE4355,BWSOAPTPL100,GAGRA0039,NY0063,OM16901,MGHW208250,NY0829,1B050031,NY0868,NY2008,GAGRA0063,BA5055479042681,NY0827,ABSO0021,OM14701,NY4909,NY2226,GAGRA0085,NY2201,NY0826,ABSO-17OIL,NY0070,RE33862,NY0980,JA71SP226TSE,OM16501,ABSO0043,NE1207007,BWSOAPBCP100,NY0902,NY2209,RE3694A,LR10636,NY4914,NY6890,EH1030,ABSO1006,NY1649,UK4582328108454,NY2213,NY1544,ILMS01B,ILSF35B,ABSO0036,RE4042,JASP65N,LR11161,NY2391,EH0967,NY0181,ABSO-1CFJ,RE4557,JA71SP226GIA,LR11047,ABSO0044,OM17901,RE3708A,OM11401,GAGRA0263,BA5055291784752,LBLBMD038,GAGRA0064,UK4582328100038,BA5055285771782,BA5055479042704,BA5055479083838,OM17101,LR10554,OM18301,OM10901,MHNAR110,BA5055479083837,GAGRA0355,ILCLGL02B,ILEB03B,NE1101175,GAGRA0372,ILCBLS05B,OM17801,ILEB02B,LR11083,MHEN065,EH0978,MGHC30108,ILLL03B,LR10308,MGHW201250,OM17701,RE4195,NE1101171,NY2203,MHLD001,NE1202038,GAGRA0022,NY0068,UK4582328104616,UK03000006,BWLWTPL1L,LBLBMS039,NY2411,ILLL02B,JA71SP226ARA,NE1101166,UK4582328108294,OM13911,NY6891,CRCC500,MGHW203250,BA5055479087163,LR11018,MHVER100,ILLL01B,MHLIB601,NY1000,MHLD065,BA5055479042667,OM13811,BA5055479083835,ABSO0034,BA5055479042735,BA5055479059580,BA5055291731701,OM14611,OM16301,ABSO0038,LR10559,UK4582328108256,NE1212016,MGCO60309,UK4582328108287,MHLPFT665,MGFM13150,LBLBMD008,ABSO1007,MHHIDBW01,BA5055291731688,LR10558,ILEB01B,BA5055291784776,UK4582328108232,NY6071,ILTSSC03B,MHVI001,ILCBLS07B,ILCBLS11B,MHAR601,ILCLGL01B,OM14501,MGCS61009,LR10522,BA5055479083841,UK4582328108263,MHLM001,ILTSSC25B,UK03000007,MHLM065,MGBM20016,LR10986,1B150148,JASP47MNBIA,BA5055479087422,RE4536,BA5055479042650,BA5055479087156,LR11164,NE1201027,MHMOS130,BA5055479048935,MHLIB101,MHEN001,CRHL150,MHLIB201,OM15301,MHLPFT601,UK4582328108270,NY6881,GAGRA0370
2017/01,1,0,0,0,1,0,5,0,2,0,0,0,0,1,3,0,0,0,0,0,0,5,0,0,0,4,2,3,1,0,0,0,0,2,1,0,0,0,0,3,0,0,0,0,2,2,0,0,0,0,3,1,0,0,0,0,1,2,0,0,0,0,0,1,0,0,0,0,0,0,1,0,0,0,0,0,1,0,0,0,0,0,1,3,0,1,0,0,4,0,0,0,0,1,0,0,0,0,0,3,1,1,0,0,0,2,1,0,2,0,0,0,2,0,0,0,0,0,0,0,0,0,1,0,0,0,4,0,0,0,0,0,0,0,0,3,0,0,0,0,0,1,0,0,0,2,0,0,0,0,0,1,0,0,1,0,0,0,0,0,0,1,0,3,0,2,1,0,0,0,0,0,0,0,0,0,0,1,0,1,0,0,0,0,1,0,0,0,0,0,0,1,0,0,0,0,0,0,1,0,0,0,0,0,0,0,0,0,0,0,2,0,0,0,0,0,0,1,1,0,0,0,0,0,0,1,0,0,0,1,1,0,0,0,0,0,0,0,0,0,0,0,0,0,0,0,0,0,0,0,1,0,0,0,4,0,0,0,0,0,0,0,1,0,1,0,0,0,0,1,0,0,0,0,0,0,0,1,0,1,0,0,0,0,1,0,0,0,0,0,0,0,0,0,0,0,0,0,1,0,1,0,0,0,0,0,1,0,0,0,0,1,0,0,0,0,0,1,0,0,0,0,0,0,2,0,0,0,0,0,0,0,0,0,0,0,0,1,0,1,0,3,0,1,0,0,0,0,0,1,0,1,0,0,0,1,0,0,1,0,0,0,0,1,0,0,1,0,0,0,0,0,0,0,0,0,0,0,0,0,1,0,0,0,0,1,1,1,0,0,1,0,0,0,0,0,0,0,0,0,0,0,1,0,0,0,1,0,0,0,0,0,0,0,0,0,1,0,0,0,0,0,1,0,0,0,0,0,0,0,0,0,0,0,0,0,0,0,0,1,0,0,0,0,0,0,1,0,0,0,0,0,0,0,0,0,0,0,0,0,0,0,1,0,0,0,0,0,1,0,0,0,0,0,0,0,0,0,0,0,0,0,0,0,0,0,0,0,0,0,0,0,0,0,0,0,0,0,0,0,0,0,0,0,0,3,0,0,0,0,0,0,1,0,0,0,0,0,0,0,0,0,0,0,0,0,0,0,1,0,0,0,0,3,1,0,0,0,0,0,0,0,0,1,0,0,0,0,0,0,0,0,0,0,0,0,0,0,0,0,0,0,0,1,1,0,0,0,0,0,0,2,0,0,0,0,0,0,0,0,0,0,0,0,0,0,0,0,0,0,0,1,0,0,0,0,0,0,0,0,0,0,0,0,0,0,0,0,0,0,0,0,0,0,0,0,0,1,0,0,0,0,0,0,0,0,0,0,0,0,0,0,0,0,0,0,0,0,0,0,0,0,0,0,0,0,0,0,0,0,0,0,0,0,0,0,0,0,0,0,0,0,0,0,0,0,0,0,0,0,0,0,0,0,0,0,0,0,0,0,0,0,0,0,1,0,0,0,0,0,0,0,0,0,1,0,0,1,0,1,0,1,0,0,0,0,0,0,0,0,0,0,0,1,0,0,0,0,0,0,0,0,0,0,0,0,0,0,1,0,0,0,0,0,0,1,0,0,1,0,1,0,0,0,0,0,0,1,0,0,0,0,0,0,0,0,0,0,0,0,0,0,0,0,0,0,2,0,0,0,0,0,0,0,0,0,0,0,0,0,0,0,0,0,0,0,0,0,0,0,0,0,0,1,0,0,0,0,0,0,0,0,0,0,0,0,0,0,0,0,0,0,0,0,0,0,0,0,0,0,0,0,0,0,0,0,0,0,0,1,0,0,0,0,0,0,0,0,0,0,0,0,0,0,0,0,0,0,0,0,0,0,0,0,0,0,0,0,0,0,0,0,0,0,0,0,0,0
2017/02,0,0,0,0,2,1,6,0,1,0,0,0,0,2,5,0,0,2,0,0,0,5,0,0,0,5,2,4,0,0,0,0,0,1,0,0,0,0,0,6,0,0,0,0,1,1,0,0,0,0,1,0,0,0,0,0,1,1,0,0,0,0,0,1,0,0,0,0,0,0,1,1,3,0,0,0,0,0,0,0,0,0,0,0,0,1,0,0,2,0,0,0,0,2,0,0,0,0,0,1,0,0,0,0,0,0,0,1,4,2,0,2,1,1,1,0,0,0,0,0,0,0,0,0,0,0,1,0,0,0,0,0,0,0,0,2,1,0,0,0,0,0,0,0,0,2,0,1,0,0,0,1,0,0,0,0,0,0,0,0,1,0,0,2,0,2,1,0,0,0,0,1,0,0,0,0,0,2,1,3,1,1,0,0,0,0,0,1,0,0,1,1,0,2,0,0,0,0,1,0,1,0,0,0,0,1,0,0,0,0,0,0,0,0,0,0,0,1,1,0,1,0,0,0,0,1,0,1,0,1,0,0,0,0,1,0,0,0,0,0,0,0,0,0,0,0,0,0,0,0,3,0,0,0,1,0,0,0,3,0,0,1,2,0,0,0,0,0,0,1,0,0,0,1,0,0,0,0,0,1,0,0,0,0,0,0,0,0,0,0,0,0,0,0,0,0,1,0,0,0,0,0,0,0,0,0,1,0,0,0,0,0,0,1,0,0,0,0,0,1,0,0,1,0,0,0,0,0,0,0,1,1,0,1,0,0,2,2,0,1,2,1,0,0,0,0,0,0,0,1,0,0,1,0,0,2,0,0,0,0,0,1,0,0,0,0,1,0,0,0,0,0,0,0,0,1,0,0,0,0,0,0,0,2,0,0,0,0,0,0,0,0,0,0,0,0,0,0,0,0,0,0,1,0,0,0,0,0,0,0,0,0,0,0,0,0,0,0,0,0,0,0,1,0,0,0,0,0,0,0,0,0,0,0,0,2,0,1,0,1,0,1,0,0,0,0,0,0,2,0,0,0,1,0,1,0,0,0,0,0,0,0,0,0,0,0,0,0,0,0,0,0,0,0,0,0,0,0,0,0,0,0,0,0,0,0,0,0,0,0,0,0,0,0,1,0,0,0,0,0,0,0,0,0,0,0,0,0,0,0,0,1,1,0,0,0,0,0,0,0,0,0,0,0,0,0,0,0,1,0,0,0,0,2,0,0,0,0,0,0,0,0,1,0,0,0,0,0,0,0,0,0,0,1,0,2,0,1,0,0,0,1,1,0,0,0,0,0,0,0,0,1,0,0,0,0,0,1,0,0,0,0,0,0,0,0,0,0,0,0,0,0,0,0,0,0,0,0,0,0,0,0,0,0,0,0,0,0,0,0,1,0,0,0,0,0,0,0,0,0,0,0,0,0,0,0,0,0,0,0,0,0,0,0,0,0,0,0,0,0,0,0,0,0,0,0,0,0,0,1,1,0,0,0,0,0,0,0,0,0,0,0,0,0,0,0,0,0,0,0,0,0,0,0,0,0,0,0,0,0,1,0,0,0,0,0,0,0,0,0,0,0,0,0,0,0,0,0,0,0,0,0,0,0,0,0,0,0,0,0,0,1,0,0,0,0,0,0,0,0,0,0,0,0,0,0,0,0,0,0,0,0,0,0,0,0,0,0,1,0,0,0,0,0,0,0,0,0,0,0,0,0,0,0,0,0,0,0,0,0,0,0,0,0,0,0,1,0,0,0,0,0,0,0,0,0,0,0,0,0,0,0,0,0,0,1,0,0,0,0,0,0,0,0,0,0,0,0,0,0,0,0,0,0,0,0,0,0,0,0,0,0,0,0,0,0,0,0,0,1,0,0,0,0,0,0,0,0,0,0,0,0,0,0,0,0,0,0,0,0,0,0,0,0,0,0,0,0,0,0,0,0,0,0,0,0,0,0,0,0,0,0,0,0,0,0,0,0
2017/03,0,0,0,0,2,0,3,1,5,1,0,3,0,4,9,0,1,3,0,2,0,3,0,0,0,3,1,6,3,4,0,2,0,2,0,0,2,0,0,1,0,0,2,0,5,4,0,2,0,0,1,12,0,0,0,0,1,4,0,0,0,0,0,3,0,0,1,0,0,0,0,2,6,0,0,0,4,0,0,0,2,0,2,10,0,4,3,0,2,0,1,4,1,2,0,0,1,0,0,4,0,1,0,0,3,6,0,1,3,0,0,0,0,2,1,0,2,0,0,0,0,0,3,2,0,0,12,0,0,0,0,0,1,0,2,1,0,0,2,0,0,2,0,0,0,1,0,1,0,0,0,5,0,0,3,0,0,0,1,0,1,2,0,1,0,3,2,0,0,0,0,0,1,0,0,0,0,1,1,3,1,1,0,0,0,0,0,0,0,0,0,0,0,1,2,2,0,0,0,0,0,0,0,0,0,6,0,0,0,0,0,0,0,0,0,1,0,2,0,0,0,0,0,0,0,1,0,1,0,1,0,0,0,0,1,0,0,0,4,2,0,0,0,0,2,0,0,0,0,0,0,2,0,0,4,0,0,0,2,0,1,0,2,0,2,0,0,0,0,1,0,3,0,0,0,1,1,0,1,2,0,0,0,0,1,0,0,1,0,0,0,0,2,0,0,0,1,2,2,3,0,0,0,0,0,0,1,0,1,0,0,0,0,4,0,0,0,1,2,0,0,0,1,0,1,0,0,0,2,1,1,1,0,3,0,1,2,2,2,2,7,0,0,1,0,0,0,0,0,3,0,0,2,0,0,0,0,0,2,0,0,11,0,0,0,0,0,0,0,0,1,0,2,0,2,1,1,0,0,4,1,0,0,1,1,1,0,0,0,0,1,0,0,0,0,0,0,0,0,0,0,0,2,3,0,0,0,0,0,1,0,0,1,3,0,0,0,0,0,0,0,0,6,0,0,0,0,0,0,1,0,0,0,0,0,2,0,1,0,0,0,1,0,0,0,0,0,0,3,0,0,0,0,0,2,0,0,1,0,1,0,0,1,0,1,1,0,0,0,0,0,0,0,0,0,0,1,0,1,0,0,0,0,0,2,0,0,0,0,2,1,1,0,0,1,0,0,0,0,1,1,0,0,0,0,0,0,0,0,1,0,1,0,0,0,0,0,0,0,0,0,0,0,0,0,0,0,0,0,0,1,0,1,0,3,0,2,0,0,0,0,0,0,0,0,0,0,0,0,0,0,0,0,0,2,1,0,1,0,0,0,0,0,2,0,0,0,0,1,0,0,0,0,0,1,0,0,0,0,0,0,0,0,0,0,0,0,0,0,1,0,1,0,0,0,0,0,0,0,0,0,0,0,0,0,0,1,0,0,0,0,0,0,0,0,0,0,0,2,0,0,1,0,0,0,0,0,0,0,0,0,1,0,0,0,0,0,0,0,0,0,0,0,0,0,0,1,0,0,0,0,0,0,0,0,0,0,0,0,0,1,0,0,0,0,2,0,0,0,0,0,0,0,0,0,0,0,0,0,0,0,0,0,0,0,0,0,0,0,0,0,0,1,1,2,0,1,0,0,1,0,0,0,0,0,0,1,1,1,0,0,0,1,0,0,0,1,0,0,0,0,0,0,0,0,0,0,0,0,0,0,0,0,0,0,1,0,0,0,0,1,0,0,0,0,0,0,0,0,0,0,0,0,0,0,1,0,0,0,0,0,0,0,0,0,0,0,0,0,0,0,0,0,0,0,0,0,0,0,0,0,0,0,0,1,0,0,0,0,0,0,0,0,0,0,0,0,0,0,0,0,0,0,0,0,0,0,0,0,0,0,0,1,0,0,0,0,0,0,0,0,0,0,0,0,0,0,0,0,0,0,0,0,0,0,0,0,0,0,0,0,0,0,0,0,0,0,0,0,0,0,0,0,0,0,0,0,0,0,0,0,0,0,0,0,0,0,0
2017/04,1,0,0,0,18,3,31,4,17,11,0,11,0,8,21,0,11,22,0,12,0,14,0,0,0,10,7,9,16,12,0,9,0,14,1,0,4,5,0,2,0,0,14,0,9,3,0,5,3,0,12,17,0,4,0,0,5,8,0,0,1,0,0,14,0,0,2,4,1,0,6,3,5,0,0,0,12,0,1,0,0,0,2,16,0,2,8,3,4,0,1,15,0,18,0,0,7,0,0,20,10,2,0,0,8,26,7,3,5,0,0,2,8,3,1,0,8,0,0,0,0,0,10,1,0,0,7,0,0,0,0,0,1,0,6,8,0,0,3,0,0,1,0,0,0,4,0,1,0,0,0,17,0,0,1,0,0,0,7,0,4,3,0,0,0,6,4,0,0,0,0,0,0,0,0,6,0,14,2,10,6,3,0,0,3,0,0,1,0,0,4,5,0,4,5,8,0,2,8,0,9,0,0,0,0,16,0,3,0,0,5,0,2,0,0,1,0,7,4,2,3,0,0,0,0,6,0,1,0,5,3,2,0,0,3,0,0,0,11,22,0,0,0,0,1,0,0,8,0,0,1,11,0,0,10,0,0,0,1,0,7,8,4,0,13,0,0,3,0,2,0,5,0,5,0,3,0,9,4,3,0,1,0,0,6,11,0,1,3,0,6,0,1,0,0,0,0,4,7,1,2,0,0,0,0,0,6,0,4,0,0,3,0,4,0,0,0,4,3,2,0,1,4,0,3,0,0,2,7,2,2,0,1,7,0,1,3,3,0,2,6,1,0,4,0,7,0,0,0,5,0,0,1,0,0,0,0,2,4,0,0,10,3,1,0,2,1,0,0,3,1,0,7,2,1,1,0,2,0,4,4,7,2,1,2,6,4,6,0,0,4,0,0,0,0,0,0,0,0,1,0,0,1,1,0,1,0,0,0,4,6,0,3,1,0,0,0,0,0,0,0,0,9,0,0,1,0,0,0,0,0,1,0,4,3,1,0,1,0,7,0,2,0,1,0,0,8,0,4,0,2,0,1,0,5,2,0,1,0,3,0,0,6,0,1,3,1,0,1,0,0,0,0,0,0,0,1,0,2,0,0,0,0,4,5,0,0,2,0,2,1,2,0,3,2,0,0,0,0,2,4,0,0,0,0,3,0,2,0,0,0,2,3,7,0,3,0,0,0,0,0,0,0,3,0,0,2,0,1,0,1,0,0,3,1,5,4,0,0,1,0,0,4,2,0,0,0,0,0,0,6,1,0,1,2,1,0,2,0,0,0,2,6,4,0,4,1,0,2,0,0,2,0,0,3,0,0,2,0,0,0,0,0,0,0,1,0,0,0,1,0,0,0,0,0,0,0,0,0,1,0,0,0,0,4,0,6,0,0,0,4,8,0,0,0,1,0,0,0,1,0,1,0,0,0,1,2,0,0,2,0,4,0,0,0,4,0,0,0,0,0,0,0,0,0,0,0,1,0,0,0,0,0,0,0,0,1,1,0,0,4,0,0,0,0,1,3,0,1,0,0,0,0,0,0,0,0,0,0,0,1,0,0,0,4,0,0,3,0,0,2,0,1,0,2,0,3,1,0,3,2,0,1,4,0,0,1,3,3,1,1,1,1,1,0,0,2,0,2,0,1,2,2,0,0,0,0,0,1,0,0,0,0,0,0,1,0,0,0,4,0,0,0,0,0,0,0,3,0,0,1,0,3,0,1,2,0,1,0,0,1,0,0,0,0,0,1,0,0,0,0,0,0,0,0,0,0,0,0,4,3,0,0,0,2,1,0,4,0,0,0,0,0,2,0,0,0,0,0,0,0,0,0,0,0,0,1,2,0,0,0,0,0,0,1,0,0,0,0,0,0,0,0,0,0,0,1,0,0,1,0,0,0,0,0,0,0,0,0,0,0,0,0,0,0,0,0,1,0,0,0,0,0,0,0,0,0,0,0,0,0,0,0,0,0,0,0,0
2017/05,0,0,0,0,6,3,11,5,19,5,0,8,0,1,15,0,2,9,0,5,0,10,0,0,0,5,8,11,4,1,0,9,3,0,3,0,0,6,0,6,0,0,9,0,8,1,0,2,6,0,5,9,1,4,3,0,0,11,0,0,4,0,0,11,0,0,2,1,1,0,2,3,5,0,0,0,5,0,8,0,2,0,1,15,0,7,1,6,10,0,3,6,1,3,0,0,5,0,0,2,4,0,0,0,4,1,3,2,9,0,0,3,3,0,2,0,0,0,0,0,0,0,6,1,0,0,1,0,0,0,0,0,4,0,1,5,0,0,0,0,0,2,0,0,0,0,0,1,0,0,0,8,0,0,5,0,0,2,2,0,5,4,0,1,0,5,6,0,0,0,0,0,4,0,0,1,0,2,1,3,2,3,0,1,2,0,0,5,0,0,2,4,0,4,1,8,0,7,2,0,7,0,1,0,0,3,0,0,0,0,2,0,0,0,0,0,0,5,0,0,1,0,0,0,0,2,0,3,0,4,1,1,0,0,3,0,0,0,5,7,0,0,0,0,0,0,0,0,0,0,3,1,0,0,13,0,0,0,0,0,4,3,0,0,4,0,0,0,0,7,0,0,0,3,0,1,1,3,5,6,0,1,0,0,3,9,0,1,0,0,1,0,2,0,0,0,0,5,5,4,3,0,0,0,0,0,3,0,3,0,0,1,0,4,0,0,0,1,2,0,0,3,0,0,0,0,0,4,1,1,0,2,2,1,0,3,2,5,3,5,1,2,0,1,0,0,0,0,0,3,0,4,5,0,0,1,0,0,0,0,0,1,3,1,0,1,1,0,0,0,1,0,0,0,0,0,1,2,0,3,0,2,1,4,1,3,0,0,0,0,3,0,0,0,0,0,0,0,0,2,0,0,1,4,0,1,1,0,0,4,12,0,3,3,0,0,3,0,0,0,0,0,3,0,0,1,0,0,0,1,0,0,0,0,1,0,0,3,0,4,0,2,0,0,0,0,0,0,1,0,0,0,2,0,0,4,0,1,0,1,0,0,0,0,3,1,1,0,0,0,0,1,0,0,0,0,1,0,4,0,0,0,0,5,0,0,0,0,0,5,1,0,0,1,1,0,0,0,0,0,0,0,0,0,0,2,0,1,0,1,0,0,0,2,0,1,0,0,0,0,0,0,0,3,0,1,0,3,0,0,1,0,1,0,2,2,0,0,0,0,0,0,0,3,0,0,0,0,0,0,3,1,0,0,9,5,0,2,0,0,0,1,3,5,1,0,0,0,1,0,0,1,0,0,3,0,0,1,0,0,0,0,0,0,0,0,0,0,0,2,0,0,0,0,0,0,1,0,0,0,0,0,0,0,0,0,1,0,0,0,0,0,0,0,0,1,3,2,1,1,1,5,0,0,0,1,0,0,0,0,2,1,0,0,0,0,0,0,0,0,0,0,0,0,0,0,0,0,0,3,0,0,0,0,0,0,1,0,0,0,4,0,0,0,0,2,0,0,1,0,0,0,0,0,0,0,0,0,0,0,0,0,0,0,2,0,0,0,0,0,4,0,0,2,0,1,0,0,0,0,0,0,0,4,0,1,0,0,0,4,0,1,0,3,0,0,0,0,0,1,1,0,0,0,0,0,0,0,0,0,0,0,0,0,0,0,0,0,0,0,0,0,0,0,0,0,0,0,0,0,1,0,0,0,0,0,0,0,0,0,0,0,0,0,0,0,3,0,0,0,0,0,0,0,0,0,0,0,0,2,0,0,0,1,3,0,0,0,0,0,0,0,0,0,0,0,0,0,0,0,0,0,0,0,0,0,0,0,0,0,1,0,0,0,0,0,0,0,0,0,0,0,0,0,0,0,0,0,0,1,0,0,0,0,0,0,0,0,0,0,0,0,0,0,0,0,0,0,0,0,0,0,0,0,0,0,0,0,0,0,0,0,0,1,0,0,0,0
2017/06,1,0,0,0,13,3,9,2,4,10,0,0,0,5,8,0,3,6,0,10,0,4,0,0,0,2,2,3,2,5,0,3,0,2,3,0,0,5,0,8,0,0,4,0,3,0,0,3,4,0,1,9,4,1,7,0,3,0,0,0,1,0,0,7,0,0,4,4,1,0,0,4,3,0,0,0,2,0,5,0,3,0,0,3,0,3,4,8,4,0,0,2,1,7,0,0,1,0,0,3,4,3,0,0,1,3,2,3,2,0,0,2,4,0,0,0,1,0,0,0,0,0,2,2,0,0,5,0,0,0,0,0,5,0,2,2,5,3,4,0,0,1,0,0,0,1,0,4,0,0,0,7,0,0,1,0,0,0,2,0,3,1,0,2,0,3,2,0,0,0,0,0,2,0,0,2,0,1,1,4,3,0,0,0,1,0,0,5,0,0,0,0,0,1,1,1,0,3,3,0,4,0,1,0,0,4,0,1,0,0,2,0,0,0,0,2,0,1,2,0,3,0,0,0,0,2,0,0,0,2,2,1,0,0,0,0,0,0,1,3,0,0,0,0,4,0,0,0,0,0,3,1,0,0,3,0,0,0,0,0,4,0,1,0,1,0,0,1,0,2,0,0,0,1,0,2,1,0,0,4,0,2,0,0,0,3,0,3,1,0,0,0,0,0,0,0,0,4,1,1,0,0,0,0,0,0,1,0,0,0,0,0,0,3,0,0,0,0,2,0,0,1,1,0,0,0,0,0,4,0,1,4,2,4,0,1,1,2,2,1,0,2,0,1,0,1,0,0,0,2,0,0,1,0,0,2,0,0,0,0,0,1,1,0,0,2,0,0,0,0,0,0,0,0,1,0,0,0,0,3,0,0,2,2,1,0,2,1,0,0,1,0,0,0,0,0,0,0,0,0,0,0,0,2,0,1,0,0,0,3,1,0,0,1,0,0,1,0,0,0,0,0,2,0,0,1,0,0,0,0,0,0,0,0,0,0,0,1,0,0,0,0,0,0,0,0,2,0,1,0,0,0,0,1,2,3,0,2,0,2,0,0,0,0,5,0,0,0,0,0,0,0,0,0,0,0,2,0,3,0,0,0,0,1,1,0,0,0,0,3,0,0,0,1,0,0,0,0,0,0,1,0,0,0,0,1,0,3,0,0,0,0,1,0,0,0,0,0,0,0,0,2,0,3,0,0,2,1,2,0,1,0,0,7,1,1,3,0,4,1,0,0,1,1,0,0,0,0,0,0,2,0,0,2,0,0,0,0,0,0,0,0,0,0,1,1,3,0,1,0,0,3,0,0,2,0,0,0,0,0,0,0,0,0,0,0,0,0,0,0,0,1,0,1,0,0,0,0,0,0,0,0,0,0,0,0,0,0,0,0,0,0,0,0,0,0,0,1,1,1,0,0,0,0,0,0,1,0,0,0,2,1,0,0,0,1,0,0,0,0,0,0,0,0,0,0,2,0,0,0,1,0,0,0,0,0,0,0,0,0,1,0,0,0,0,0,1,0,0,0,0,0,0,0,0,0,0,0,0,0,4,0,0,0,0,0,0,0,0,1,1,0,0,0,1,0,0,0,0,1,0,0,0,0,0,0,1,0,0,1,0,1,2,0,0,0,0,0,0,1,0,0,1,0,0,0,0,0,1,0,0,0,0,0,0,0,1,0,0,0,0,0,0,0,0,0,0,3,0,0,1,0,0,0,0,0,0,0,0,0,0,0,0,0,0,0,1,0,0,0,0,0,0,0,3,0,0,0,0,1,1,0,0,0,0,0,0,0,0,0,1,0,0,0,0,0,0,0,0,0,0,0,0,0,0,0,0,1,0,0,0,0,0,0,0,0,0,0,0,0,0,0,0,0,0,0,0,0,0,0,0,0,0,0,0,0,0,0,0,0,0,0,0,0,0,1,0,0,0,0,0,0,0,0,0,0,0,0,0,0,0,0,0,0,0,0,0,0
2017/07,0,0,0,0,9,2,16,5,7,6,0,5,0,2,2,0,6,13,0,7,0,10,0,0,0,1,5,3,5,5,0,4,1,4,3,0,1,5,0,10,0,0,4,0,2,2,0,6,1,2,3,4,9,4,4,4,0,4,0,0,3,0,0,7,0,0,2,1,0,0,1,2,2,0,0,0,4,0,6,0,4,0,5,12,0,5,3,7,10,0,2,2,0,9,0,0,4,0,0,7,1,0,0,0,4,1,4,2,4,2,0,5,0,1,7,0,1,0,0,0,0,0,8,0,1,0,2,0,0,0,0,0,1,0,1,3,5,2,1,0,0,2,0,0,0,3,0,2,0,0,0,6,0,0,6,0,0,0,2,0,4,2,0,4,2,3,2,0,0,0,0,0,1,0,0,1,0,4,3,4,2,2,0,2,7,0,0,2,0,0,0,1,0,1,3,1,0,7,1,0,3,0,0,0,0,8,0,0,0,0,4,0,0,0,0,0,0,4,1,0,2,0,0,0,0,0,0,6,0,4,1,1,0,0,0,0,0,0,3,3,0,0,0,0,4,0,0,2,0,0,6,0,5,0,9,0,0,0,2,0,0,0,2,0,2,0,0,1,0,3,0,2,0,4,0,2,2,1,1,0,0,5,0,0,1,3,0,1,0,0,0,0,0,0,0,0,2,2,3,1,0,0,0,0,0,0,0,0,3,0,0,2,0,1,0,0,0,1,0,3,0,0,2,0,0,0,0,0,3,1,2,1,2,4,0,2,0,1,1,1,5,1,0,1,0,2,0,0,0,4,0,0,0,0,0,0,0,2,1,0,0,2,1,0,0,5,0,0,0,2,5,0,3,0,0,0,0,3,0,2,2,1,0,1,1,0,1,1,0,0,3,0,0,0,0,0,0,0,0,1,0,0,2,1,0,0,0,0,0,2,3,0,0,0,0,0,2,0,0,0,0,0,0,0,0,0,0,0,0,0,0,0,0,0,0,0,0,1,0,0,0,1,0,0,0,0,3,0,3,0,4,0,0,2,2,1,0,0,0,1,0,0,2,0,3,0,0,0,1,0,0,0,0,0,0,0,2,0,1,0,0,0,0,1,0,0,0,0,0,1,1,1,0,1,1,0,0,0,0,2,0,0,0,0,0,2,0,2,0,1,0,3,0,0,0,0,0,0,0,0,0,2,0,1,0,1,0,0,1,0,0,0,1,3,0,1,2,0,1,0,0,0,1,2,0,0,0,0,0,0,1,0,0,3,1,0,0,1,0,0,0,0,0,0,1,1,2,0,1,0,0,3,0,0,0,1,0,1,0,0,0,0,0,0,0,0,0,1,0,1,0,0,2,0,0,0,0,0,0,0,0,0,0,0,1,0,1,0,1,0,1,0,0,0,0,0,0,2,0,3,2,1,0,0,0,3,1,0,0,0,1,1,1,0,0,2,0,0,0,0,0,0,0,0,0,0,1,0,2,0,1,0,1,0,0,0,1,3,0,1,0,0,0,0,0,0,0,0,1,0,0,0,0,0,0,0,0,0,0,0,0,0,0,0,0,0,1,0,0,0,0,0,0,0,2,0,0,0,0,1,0,0,0,1,0,0,0,0,1,1,1,2,0,0,0,0,0,0,0,1,0,0,0,0,0,0,0,0,2,0,0,0,0,0,0,0,2,0,2,0,1,0,0,0,0,0,0,0,0,0,0,0,0,0,0,0,0,0,0,0,0,0,1,0,0,0,0,0,0,0,0,0,0,0,0,0,0,0,0,0,0,0,0,0,0,0,0,0,0,0,0,0,0,1,0,0,0,0,0,0,0,0,0,0,0,0,0,0,1,0,0,1,0,0,0,0,0,0,0,0,0,0,0,0,0,0,0,0,0,0,0,0,0,0,0,0,0,0,0,0,0,0,0,0,0,0,0,0,0,0,0,0,0,1,0,0,0,0,0,0,0,0,0,0,0,0,0,0
2017/08,8,0,0,0,13,6,30,4,16,6,0,7,0,9,14,0,10,13,0,8,0,24,0,0,0,4,11,8,4,5,0,4,2,8,11,0,0,3,0,19,0,0,9,0,4,6,0,1,5,4,6,2,6,1,13,18,3,10,0,0,2,0,0,7,0,0,1,1,4,0,9,7,5,0,0,0,6,0,4,0,11,0,0,8,0,4,7,1,10,0,2,1,3,9,0,0,8,0,0,8,5,0,0,0,6,9,6,6,10,1,0,7,3,0,0,0,6,0,0,0,0,0,4,0,6,0,3,0,0,0,0,0,1,3,2,7,7,3,1,0,6,0,0,0,0,4,0,4,0,0,0,11,0,0,1,0,0,0,2,0,6,4,0,4,2,4,5,0,0,0,0,0,1,0,0,4,0,10,2,12,0,7,0,2,5,0,0,4,0,0,3,3,0,5,5,7,0,9,3,0,8,0,4,0,0,4,0,1,0,0,4,0,0,0,0,1,0,6,4,2,2,0,0,0,0,0,0,3,0,11,5,5,0,0,1,0,0,0,11,7,0,0,0,0,3,0,0,2,0,0,0,5,3,0,14,0,0,0,1,0,2,2,3,0,3,0,0,2,0,2,0,4,0,1,4,5,5,3,2,2,0,2,0,0,3,2,0,0,1,0,1,0,0,0,0,0,2,3,0,1,2,0,0,0,0,0,6,0,6,0,0,3,0,6,1,0,0,5,2,5,0,7,2,0,3,0,0,3,3,3,0,2,0,5,0,1,0,10,11,6,9,2,0,3,0,3,0,0,0,1,0,4,3,0,0,3,0,2,1,0,0,2,4,0,0,3,1,0,0,0,4,0,3,0,0,1,1,2,0,2,0,1,1,1,4,2,3,4,0,0,4,0,0,0,0,0,0,0,0,0,0,0,0,1,0,1,0,0,0,5,3,0,2,1,0,0,1,0,0,0,0,0,1,0,0,0,0,0,0,2,0,0,0,1,2,0,0,1,0,3,0,3,0,2,0,0,1,0,5,0,,0,1,3,1,2,0,2,0,1,0,0,1,0,0,2,0,0,2,0,0,1,0,0,0,0,1,0,2,0,0,0,0,7,2,0,0,1,0,1,2,2,0,0,2,0,0,0,0,0,0,0,0,0,0,0,0,1,0,1,0,1,0,1,0,3,0,0,0,0,0,2,0,4,0,2,2,0,0,0,1,0,2,3,1,3,4,0,1,2,0,2,1,1,0,0,0,0,0,0,1,1,0,1,2,0,0,5,0,0,0,2,2,3,2,7,0,0,4,0,0,2,0,0,0,0,0,2,0,0,2,0,0,0,0,0,0,4,0,3,0,0,3,1,0,0,0,0,0,2,0,0,0,0,0,0,1,0,1,0,2,0,0,0,0,0,2,2,0,3,2,0,0,0,0,0,0,0,0,0,0,1,3,0,0,2,0,0,0,0,0,0,0,0,0,0,0,1,3,0,1,0,0,0,0,0,0,0,0,2,1,0,0,0,0,1,4,0,1,0,0,0,0,0,0,0,0,0,0,0,1,0,0,0,4,0,0,0,0,0,3,0,0,0,0,0,0,0,0,2,0,1,1,2,0,2,0,2,4,1,4,2,2,1,0,0,0,0,0,1,1,0,1,0,0,0,0,0,0,0,0,0,0,0,0,1,0,0,2,0,1,0,0,0,0,0,0,2,0,0,0,0,0,0,1,0,1,1,0,0,0,0,3,0,0,0,2,0,0,0,0,0,0,0,0,0,0,0,0,0,1,0,0,0,0,1,0,1,0,0,0,0,0,2,0,0,0,0,0,0,0,0,0,0,0,0,0,0,1,0,0,3,0,1,0,0,0,0,0,0,0,0,0,0,0,0,0,0,0,1,0,0,0,0,0,0,0,0,0,0,0,1,0,0,0,0,0,0,0,0,0,0,0,0,0,0,0,0,1,0,0,0,0,0,0,0,0,0
2017/09,2,0,0,0,13,3,12,2,7,6,0,5,0,5,15,0,5,17,0,6,0,11,0,0,0,1,3,3,2,1,0,4,7,4,2,0,3,8,0,10,0,0,2,0,3,1,0,0,5,1,2,13,1,5,18,7,3,7,0,0,1,0,0,3,0,0,3,1,1,0,2,3,4,0,0,0,2,0,0,0,4,0,0,3,0,5,5,2,9,0,1,9,3,9,11,0,4,0,0,3,5,7,0,0,1,4,7,4,7,1,0,2,1,3,0,0,1,0,0,0,0,0,3,1,5,0,6,0,0,0,0,0,3,7,9,4,3,2,7,0,4,0,2,0,0,3,0,5,0,0,0,5,0,0,1,0,0,0,2,0,3,4,0,4,2,4,1,0,0,0,0,0,0,0,0,4,0,6,1,3,0,0,0,2,0,0,0,0,0,0,4,5,0,5,1,3,0,5,3,0,3,0,1,0,0,10,0,0,0,0,8,0,6,0,0,1,0,3,4,0,4,0,0,0,0,4,0,0,0,7,3,2,0,0,0,0,0,0,2,3,0,0,0,0,1,0,0,4,0,0,4,6,0,0,3,0,0,0,2,0,1,1,0,0,0,0,0,0,0,1,0,5,0,3,1,3,1,2,7,3,2,0,0,0,2,1,3,0,0,0,0,0,1,0,0,0,0,2,1,0,0,0,0,0,0,0,3,0,0,0,0,4,0,4,4,0,0,1,0,0,0,1,0,0,1,0,0,1,0,2,0,2,1,0,0,1,3,0,7,2,5,0,0,2,0,3,0,0,0,4,0,3,2,0,0,7,0,3,2,0,1,1,1,1,0,2,1,0,0,1,1,0,7,2,0,1,0,1,0,0,1,1,1,2,1,1,3,1,0,0,2,0,0,0,0,0,0,0,0,1,0,0,0,0,0,0,0,0,0,2,5,0,0,0,0,0,3,0,1,0,0,0,0,0,0,1,0,0,4,0,0,0,0,0,4,0,0,1,3,2,0,2,0,0,0,0,1,0,1,0,1,0,1,0,1,2,0,1,0,1,0,0,3,0,1,3,2,0,1,0,0,1,0,0,0,0,0,0,0,0,0,0,0,3,0,0,0,0,0,3,4,2,0,1,2,0,0,0,0,2,0,0,0,0,0,0,0,2,0,1,0,2,0,1,0,0,0,0,0,0,0,2,0,1,0,0,2,4,0,0,0,0,2,4,1,1,1,0,1,2,0,3,1,0,0,0,0,0,0,0,1,0,0,0,1,0,0,2,0,0,0,0,3,0,2,1,0,0,1,0,0,0,0,0,1,2,0,1,0,0,0,0,0,1,0,0,0,0,0,1,0,0,2,1,0,0,2,0,0,0,0,0,0,0,0,0,0,0,1,0,0,1,0,0,0,0,1,1,0,3,0,2,0,0,0,2,0,0,0,0,0,0,0,0,0,0,0,0,0,0,2,0,0,0,0,0,0,1,1,2,0,0,1,0,0,1,3,1,0,0,1,0,0,0,0,1,3,0,0,0,0,0,0,0,0,0,0,0,0,0,2,0,0,0,0,0,0,2,0,0,1,0,6,2,2,0,1,,0,2,1,2,0,,0,1,0,0,0,1,0,0,5,0,0,0,1,0,0,0,0,0,1,0,0,0,0,0,0,0,0,0,0,0,0,1,0,0,1,3,0,0,0,0,0,0,0,1,0,0,0,0,0,0,0,1,0,0,0,0,0,0,2,0,0,0,1,0,0,0,0,0,0,0,0,0,0,0,0,2,1,0,0,0,2,0,0,1,0,0,0,0,0,1,0,0,0,0,0,0,0,0,0,0,0,0,0,0,0,0,0,0,0,0,0,0,0,0,0,0,0,0,0,0,0,0,0,0,0,1,0,0,0,0,0,0,0,0,0,1,0,0,0,0,0,0,0,0,0,0,0,0,0,0,0,0,0,0,0,0,0,0,0,0,0,0,0,0
2017/10,1,0,0,0,35,5,49,9,24,5,0,9,0,8,22,0,5,10,0,26,0,28,0,0,0,8,14,10,14,7,0,3,18,10,4,0,0,10,0,11,0,0,12,0,6,10,0,6,11,5,7,12,8,9,5,43,5,15,0,0,1,0,0,7,0,0,6,0,5,0,6,10,7,0,0,0,11,0,1,0,11,0,2,18,0,2,12,3,6,0,2,11,2,8,39,0,10,0,0,7,9,2,0,0,11,19,8,6,9,0,0,3,7,3,3,0,4,0,0,0,0,0,9,3,6,0,5,0,0,0,0,0,4,31,5,22,4,5,0,0,5,3,27,0,0,2,0,7,0,0,0,18,0,0,1,0,0,0,4,0,3,5,0,28,1,7,10,0,0,0,0,0,2,0,0,9,0,5,4,9,0,5,0,3,8,0,0,0,0,0,0,8,0,3,2,7,0,7,16,0,4,0,4,0,0,3,0,0,0,0,0,0,4,0,0,1,0,5,6,2,13,0,0,0,0,4,0,3,15,6,5,2,0,0,4,0,0,0,3,11,0,0,0,0,9,0,0,7,0,0,9,5,12,0,8,0,0,0,1,0,8,7,8,0,12,0,0,0,0,1,0,3,0,4,4,1,0,2,5,2,19,4,0,0,5,4,16,1,1,0,2,0,1,0,0,0,2,1,3,2,1,0,0,0,0,0,4,0,4,0,0,4,0,1,6,0,0,8,2,8,0,1,0,0,4,0,0,5,3,2,2,10,0,8,0,4,6,2,7,6,4,3,0,7,0,2,0,0,0,5,0,1,2,0,0,3,0,3,1,0,14,11,1,2,0,2,0,0,0,1,4,0,2,1,3,2,,1,0,3,1,14,2,1,2,4,4,5,0,0,9,0,0,0,0,0,0,0,0,2,0,0,2,1,0,0,0,0,0,2,11,0,8,1,0,0,3,0,13,0,0,0,4,0,0,3,0,0,9,,0,0,11,3,0,0,0,0,12,4,0,1,0,1,0,0,4,0,2,0,3,0,1,5,1,4,0,2,0,0,0,0,4,0,4,5,2,0,1,0,0,2,0,0,0,0,1,0,2,0,0,0,0,2,4,0,0,1,0,0,4,2,0,3,0,0,0,0,0,11,3,0,0,0,0,0,0,2,0,3,0,4,5,2,0,0,0,0,0,0,0,7,0,5,0,1,3,1,3,0,2,0,2,4,2,3,0,0,5,3,0,10,1,1,0,0,0,0,0,0,3,1,0,1,1,0,0,3,0,0,0,0,0,6,1,2,1,0,0,0,0,4,1,0,0,4,0,1,0,0,2,0,0,3,0,2,0,1,0,5,0,1,1,1,0,0,2,0,0,3,0,0,0,0,3,1,1,0,0,0,4,3,0,0,0,2,0,3,1,3,1,0,0,0,0,0,2,0,0,0,0,5,0,0,0,4,0,0,0,0,1,0,0,0,0,0,0,0,1,2,6,0,0,0,0,1,4,1,0,1,2,0,0,0,0,6,2,0,2,0,0,0,0,0,0,0,0,0,0,0,6,0,0,0,2,0,1,4,0,0,3,0,0,2,0,3,3,0,0,1,1,4,1,3,0,0,1,2,6,0,1,5,6,2,0,0,3,0,2,1,0,0,4,0,0,0,0,0,2,0,0,1,0,0,0,1,0,0,1,3,0,1,0,0,0,0,0,2,0,0,2,0,1,0,0,3,1,2,0,0,1,0,1,0,0,0,1,0,0,0,0,0,0,1,2,0,0,0,0,2,0,0,0,1,2,1,2,0,0,0,1,0,0,0,0,1,0,0,0,0,0,0,0,0,0,0,3,0,0,0,3,1,0,1,0,0,0,0,0,0,0,0,0,0,0,0,1,0,0,1,0,0,0,0,0,0,0,0,1,1,0,0,0,0,0,1,0,1,0,0,0,0,0,0,0,0,0,0,0,0,0,0,0,0,0,0,0,0
2017/11,4,0,0,0,14,1,23,21,17,5,0,8,0,4,5,0,9,13,0,7,0,13,0,0,0,4,6,21,9,3,0,2,14,4,12,0,3,2,0,4,0,0,13,0,3,9,0,6,10,2,4,6,2,8,13,36,6,14,0,0,2,0,0,11,0,0,2,4,2,0,1,4,2,0,0,0,10,0,3,0,2,0,2,17,0,2,14,5,9,0,1,5,1,5,14,0,3,0,0,16,7,2,0,0,6,6,7,3,10,1,0,4,4,1,1,0,4,0,0,0,0,0,4,0,0,0,3,0,1,0,0,0,12,13,3,11,0,2,4,0,,2,20,0,0,2,0,3,0,0,0,8,0,0,2,0,0,1,0,0,5,2,0,5,2,4,4,0,0,0,0,0,3,0,0,1,0,3,,4,3,3,0,0,1,0,0,1,0,0,1,4,0,5,2,4,0,2,5,0,2,0,1,0,0,2,0,3,0,0,2,0,6,0,0,1,0,4,0,0,11,0,0,0,0,3,0,3,7,4,1,0,0,0,0,0,0,0,3,5,0,0,0,0,1,0,0,1,0,0,2,5,7,0,4,0,0,0,1,0,1,0,4,0,4,0,0,2,0,4,0,1,0,5,0,0,2,4,3,2,3,1,0,0,0,2,13,1,2,0,0,0,1,0,0,0,0,3,3,5,1,0,0,0,0,0,1,0,2,0,0,1,0,3,1,0,0,3,0,3,0,2,,0,2,0,0,4,1,2,6,2,1,8,0,1,5,0,6,1,10,3,0,2,0,0,0,0,0,2,0,1,2,0,0,2,0,0,3,0,15,12,1,1,0,3,0,0,0,0,3,0,6,2,0,0,0,0,0,2,2,2,0,6,4,3,2,3,0,0,11,0,0,0,0,0,0,0,0,1,0,0,2,0,0,1,1,0,0,1,4,0,4,1,0,0,1,0,10,0,0,0,1,0,0,1,0,0,3,2,0,0,4,2,0,0,0,1,9,1,0,1,0,2,0,0,5,0,3,0,0,0,2,1,3,0,0,4,0,2,0,0,4,0,1,0,0,0,0,0,0,0,0,0,0,0,1,0,0,0,0,0,0,1,2,0,0,0,0,5,4,0,0,4,1,0,0,0,0,0,0,0,0,0,0,1,0,1,0,5,0,2,8,2,0,0,0,0,0,0,0,3,0,2,0,0,0,2,2,0,0,0,0,3,1,0,4,0,8,2,0,2,0,0,0,0,0,0,0,0,0,0,0,3,0,0,0,1,0,0,0,0,1,0,5,3,0,0,0,0,0,0,0,0,1,0,0,2,0,0,1,0,0,0,0,2,0,1,0,3,0,2,0,1,0,0,1,0,0,0,0,0,0,0,0,1,1,0,0,0,1,0,0,0,0,0,0,2,0,1,1,0,0,0,0,2,0,0,0,0,0,0,3,0,0,2,0,0,0,0,0,0,0,0,0,0,2,0,0,0,0,0,1,0,0,0,0,0,0,2,2,0,0,0,0,3,1,0,1,0,0,0,0,0,0,0,0,0,0,0,2,0,0,0,0,0,1,0,0,1,1,0,0,1,0,1,1,0,0,,0,0,2,1,0,0,1,0,3,0,0,3,0,2,0,0,0,0,0,0,0,0,0,0,0,0,0,0,1,0,0,0,0,0,0,1,0,0,2,1,0,0,0,0,0,0,0,5,0,0,2,0,0,0,0,2,0,0,0,0,0,0,3,0,0,0,2,0,0,0,0,0,0,0,0,0,0,0,0,2,1,1,0,0,1,1,0,0,0,0,1,0,0,0,0,0,0,0,0,0,0,0,0,0,0,0,0,0,0,0,1,0,1,0,0,0,0,0,0,1,0,0,0,0,0,0,1,0,0,0,0,0,0,0,0,0,0,0,0,0,0,0,0,0,0,1,0,1,0,0,0,0,0,0,0,0,0,0,0,0,0,0,0,0,0,0,0,0
2017/12,0,0,0,0,18,4,21,8,16,8,0,16,0,1,6,0,3,7,0,2,0,17,0,0,0,5,11,21,2,0,0,10,4,6,0,0,3,5,0,24,0,0,12,0,2,8,0,6,14,1,3,9,12,4,40,10,8,8,0,0,0,0,0,4,0,0,0,2,1,0,4,2,1,0,0,0,3,0,1,0,3,0,1,7,0,17,42,1,8,0,2,14,1,5,9,0,1,0,0,6,8,0,0,0,3,4,5,1,6,0,2,1,5,3,0,0,3,0,0,0,0,0,7,2,0,0,3,0,4,0,0,0,4,3,1,4,7,2,0,0,2,2,4,0,0,1,0,1,0,7,0,4,0,0,1,0,0,1,2,0,1,3,0,4,0,4,5,0,0,0,0,0,1,0,0,7,0,2,0,4,0,9,0,9,4,0,0,0,0,0,1,4,0,2,0,2,0,0,3,0,1,0,1,0,0,4,0,0,0,0,3,0,4,0,0,3,0,3,3,0,2,0,0,0,0,2,0,3,6,2,1,1,0,0,2,0,0,0,0,3,0,0,0,0,2,0,0,1,0,0,2,0,3,0,13,0,0,0,1,0,5,1,1,0,1,0,0,4,0,2,0,3,0,1,2,2,0,0,2,8,1,7,0,0,2,3,2,2,0,0,1,0,1,0,0,0,0,1,3,0,2,0,0,0,0,0,3,0,2,0,0,3,0,2,2,0,2,0,1,4,0,1,0,0,2,0,0,2,0,1,3,2,2,5,0,0,5,4,3,1,8,0,0,1,0,1,0,0,0,4,0,0,1,0,0,2,0,3,1,0,4,5,2,1,0,0,1,0,0,0,1,0,1,0,0,0,4,0,0,3,3,12,1,0,0,1,2,1,0,0,4,0,0,0,0,0,0,0,0,3,0,0,1,4,0,0,2,0,0,7,3,0,4,,0,0,1,0,2,0,0,0,2,0,0,1,0,0,4,0,0,0,4,0,0,0,0,0,3,0,0,2,0,0,0,0,1,0,0,0,1,0,2,0,1,0,0,2,0,3,0,0,1,0,2,4,2,0,3,0,0,0,0,0,0,0,7,0,3,0,0,0,0,2,1,0,0,0,0,1,1,0,0,1,2,0,0,0,0,2,2,0,0,0,0,1,0,1,0,0,0,2,0,0,0,1,0,0,0,0,0,0,0,5,0,2,0,0,0,0,3,0,1,2,2,0,5,0,,2,0,2,2,0,0,0,0,0,0,0,3,1,0,4,2,0,0,1,0,0,0,0,2,6,1,0,0,0,1,0,0,0,3,0,6,2,0,1,0,0,2,0,0,2,0,0,0,0,0,2,0,0,1,0,0,0,0,0,0,0,0,0,0,0,0,1,0,1,2,0,1,3,0,0,0,0,0,0,0,2,1,3,0,0,0,2,0,0,0,0,0,0,0,0,0,5,0,0,0,0,1,0,0,0,0,0,0,3,0,1,0,0,0,3,0,0,2,0,0,0,7,0,0,0,0,0,2,0,1,0,0,0,0,0,0,0,0,0,0,0,1,0,0,0,0,0,0,0,0,0,0,0,0,0,0,0,0,1,0,1,2,0,0,0,0,1,0,0,2,0,2,1,0,0,0,0,,0,0,0,1,0,0,0,0,0,0,0,1,0,1,0,0,0,0,0,1,0,5,0,0,0,0,0,0,0,0,0,0,0,0,0,0,0,0,0,0,0,0,0,1,0,1,0,0,0,2,0,0,0,0,0,0,0,1,0,0,0,0,0,0,0,0,0,0,1,1,0,0,0,0,0,0,1,0,0,0,0,0,0,0,0,0,0,0,0,0,0,0,0,0,2,2,0,1,0,0,0,0,1,0,0,0,0,0,0,1,0,0,0,0,0,0,0,0,0,0,0,0,0,0,0,0,0,0,0,0,0,0,0,0,0,0,0,0,0,0,0,0,0,0,0,0,0,0,0,0,0
2018/01,5,0,0,0,13,2,19,3,4,7,0,15,0,9,5,0,1,11,0,1,0,18,0,0,0,17,8,10,10,1,0,6,3,4,1,0,1,2,0,13,0,0,4,0,3,12,0,1,9,2,7,7,3,4,16,22,2,9,0,0,1,0,0,7,0,0,5,1,1,0,0,1,7,0,0,0,2,0,1,0,1,0,3,9,0,4,6,3,9,0,1,0,1,8,9,0,2,0,0,9,16,2,0,0,6,12,2,4,13,2,10,4,1,2,0,0,2,0,0,0,0,0,8,1,4,0,5,0,7,0,0,0,2,3,3,7,7,2,1,0,1,1,22,0,0,5,0,1,0,5,0,5,0,0,11,0,0,0,1,0,8,1,0,1,5,9,2,0,0,0,0,0,0,0,0,1,0,9,5,8,0,4,0,0,6,0,0,1,5,0,1,3,0,2,6,3,0,3,1,0,0,0,3,0,0,0,0,0,0,0,7,0,2,0,0,1,0,2,3,0,4,0,0,0,0,4,0,7,2,8,3,1,0,0,1,0,0,0,6,3,0,0,0,0,0,0,0,3,0,0,3,1,,0,4,0,0,0,1,0,1,4,2,0,3,0,0,2,0,2,0,4,0,2,1,0,3,2,0,5,3,2,0,0,4,2,9,1,2,0,0,0,1,0,0,0,1,3,5,1,0,0,0,0,0,0,0,0,2,0,0,2,0,3,3,0,5,4,0,2,0,2,0,0,1,0,0,2,0,0,4,1,0,2,0,0,3,6,9,4,6,1,0,2,0,4,0,0,0,5,0,0,2,0,0,1,0,4,0,0,6,5,3,3,0,2,2,0,0,1,0,0,7,0,1,2,0,2,0,4,3,0,0,4,4,0,2,3,0,0,2,0,0,0,0,0,0,0,0,2,0,0,1,0,0,0,0,0,0,1,4,0,1,2,0,0,2,0,2,0,0,0,5,0,0,1,0,0,5,0,0,0,4,1,0,0,0,1,6,0,0,1,0,2,0,0,1,0,1,0,1,0,0,0,1,0,0,0,0,5,0,0,4,0,1,1,0,0,0,0,0,0,0,0,0,0,0,0,3,0,0,0,0,2,0,0,0,0,0,2,0,2,0,0,2,0,0,0,0,0,0,0,0,0,0,4,0,3,0,0,0,1,1,1,0,1,0,0,0,0,0,,0,0,0,0,1,0,0,0,1,0,2,3,1,0,4,0,0,0,0,3,0,0,0,0,0,0,0,0,2,5,0,0,1,2,0,2,0,0,0,0,0,1,0,0,0,0,0,0,0,1,1,1,0,1,0,0,0,0,3,0,0,0,0,2,0,0,0,3,0,2,0,0,0,0,0,0,0,1,0,0,0,0,3,1,1,0,0,0,3,0,0,0,0,0,0,1,0,1,4,2,0,0,0,2,1,0,0,0,6,0,2,0,0,2,0,0,0,0,0,0,0,0,0,0,0,0,1,1,0,0,0,2,0,0,3,0,0,0,0,0,0,0,0,1,1,0,1,0,0,0,0,0,0,0,0,0,0,0,0,0,0,0,2,0,0,0,0,0,0,0,0,1,0,0,1,0,0,1,0,0,1,1,0,1,0,1,0,1,2,0,1,0,0,0,0,0,0,2,1,0,0,0,0,0,0,0,3,0,0,1,0,0,0,1,3,0,2,0,0,1,0,0,0,0,0,0,0,0,,0,0,0,0,0,2,0,0,0,0,0,3,0,0,0,1,0,0,0,0,0,0,1,0,0,0,0,0,0,0,0,0,1,0,0,0,0,0,0,1,0,0,2,0,0,0,3,0,0,0,0,0,0,0,0,0,0,0,0,1,2,2,0,0,0,0,0,0,3,0,0,0,0,0,0,1,0,0,0,0,0,0,0,0,0,0,0,0,1,0,1,0,0,0,0,0,1,0,0,0,0,0,0,0,0,0,0,0,0,0,0,0,0,0,0,0,0
2018/02,5,0,0,0,16,11,29,4,5,6,0,18,0,11,14,0,4,12,0,8,0,28,0,0,0,23,16,18,11,2,0,2,3,7,0,0,1,3,0,23,0,0,17,0,3,12,0,2,9,1,9,9,3,2,9,33,3,13,0,0,2,0,0,14,0,0,7,4,2,0,5,4,5,0,0,0,8,0,2,0,3,0,5,14,0,7,6,1,11,0,1,0,1,5,8,0,7,0,0,10,13,2,0,0,8,19,2,9,16,1,6,3,3,4,2,0,1,0,0,0,0,0,13,1,2,0,5,0,8,2,0,0,2,9,2,10,5,4,0,0,4,1,30,0,0,5,2,0,0,12,0,9,0,0,12,0,0,2,3,0,2,6,0,4,2,4,3,0,0,0,0,0,1,0,0,1,0,6,3,5,0,6,0,0,4,0,2,1,2,0,1,9,0,7,1,4,0,4,10,0,3,3,5,0,0,3,0,1,0,0,3,0,5,0,0,3,0,2,6,0,3,0,0,0,0,0,0,5,3,7,2,1,0,0,0,0,0,0,2,3,0,0,0,0,4,0,0,1,0,0,6,3,2,0,10,0,0,0,1,0,6,2,1,0,5,0,0,5,0,6,0,1,0,5,2,1,0,8,2,1,5,3,0,0,2,4,19,2,4,0,5,0,2,0,5,0,3,4,5,1,3,0,0,0,0,0,7,0,2,0,0,2,0,6,1,0,5,6,5,1,0,6,0,0,4,0,0,0,4,1,2,4,0,5,0,2,1,9,9,7,6,1,0,2,0,2,0,0,0,5,0,2,4,0,0,2,0,1,2,0,6,5,4,2,0,1,4,0,0,0,2,0,2,0,0,0,0,1,0,1,5,2,1,2,4,1,5,1,0,0,2,0,0,0,0,0,0,0,0,0,0,0,1,0,1,0,2,0,0,2,1,0,3,2,0,0,0,0,11,0,0,0,4,0,0,2,0,0,8,1,0,2,12,3,0,0,0,2,7,1,0,0,0,1,0,0,4,0,4,0,0,0,1,3,5,2,0,1,0,2,0,0,3,0,2,1,1,0,4,0,0,3,0,0,0,0,0,0,3,0,0,0,0,2,0,0,0,0,0,2,1,1,0,0,4,0,0,0,0,2,0,0,0,0,0,1,0,2,0,0,0,0,1,1,0,3,0,0,0,0,0,0,0,0,0,0,3,0,0,0,0,0,2,10,3,0,1,0,0,1,0,3,1,2,0,0,0,0,0,0,3,0,0,0,0,1,0,2,0,0,0,4,1,3,0,2,0,0,3,0,0,1,0,5,2,1,0,3,0,0,1,1,0,1,0,1,0,3,0,3,0,1,0,1,0,2,0,0,0,2,0,0,0,0,0,0,2,2,1,0,1,0,0,0,0,0,1,2,2,0,1,1,0,0,0,1,0,0,0,0,1,0,2,0,0,1,0,0,0,0,0,0,0,0,0,0,1,2,0,0,2,0,0,1,0,0,2,0,0,3,1,0,0,0,0,0,4,0,0,0,0,0,0,0,0,0,0,0,0,0,0,0,0,0,0,0,0,2,0,4,0,0,1,1,1,0,0,0,0,1,1,0,1,0,0,0,4,3,2,0,2,3,0,0,0,0,6,0,2,1,1,1,0,0,0,0,0,0,4,0,0,0,0,0,0,0,2,0,5,2,0,1,0,0,0,0,0,4,0,0,0,0,0,0,0,1,1,0,0,0,0,0,3,0,0,0,1,0,0,0,0,0,0,0,0,0,0,0,0,1,0,1,0,0,4,0,1,1,0,0,1,0,0,1,0,0,0,0,0,0,0,0,0,0,0,0,0,0,0,0,0,0,0,0,0,0,0,0,1,1,0,0,0,0,0,0,0,0,0,1,0,0,0,0,0,0,0,0,0,0,0,1,0,0,0,0,0,2,0,0,0,0,0,0,0,0,1,0,0,0,0,0,0,0,0,0,0,0
2018/03,3,0,0,0,29,8,38,5,26,10,0,14,0,12,9,0,6,25,0,11,0,31,0,0,0,16,12,24,5,3,0,6,14,12,5,0,2,2,0,17,0,0,14,0,2,8,0,7,10,9,4,18,6,8,12,33,3,8,0,0,3,0,0,25,0,0,3,2,2,0,3,2,2,0,0,0,12,0,7,0,8,0,5,19,2,17,10,5,7,0,4,13,3,9,11,6,5,0,0,9,10,1,0,0,7,11,12,4,12,0,1,4,6,6,3,0,6,0,0,0,0,0,9,0,7,0,8,0,5,32,0,0,2,10,6,9,5,4,2,0,2,1,21,0,0,11,7,4,0,11,0,15,0,0,3,0,0,1,2,0,4,6,0,4,2,23,9,0,0,3,0,0,2,0,6,5,0,10,5,9,,4,0,0,4,0,5,2,3,0,1,4,0,16,5,10,0,7,2,0,1,6,1,0,0,2,0,0,0,,4,0,4,0,0,0,0,2,5,0,9,0,0,0,0,1,0,2,12,14,3,1,0,0,1,0,0,0,7,5,0,0,0,0,4,0,0,0,0,0,5,3,3,0,10,0,0,0,4,0,5,2,6,0,11,0,0,14,0,5,0,2,0,3,6,0,1,5,13,7,3,1,0,0,2,8,8,0,1,0,2,0,0,0,7,0,3,3,11,0,4,0,0,0,0,0,12,0,6,0,0,1,,12,3,0,7,3,3,3,0,2,2,0,3,0,0,2,1,2,2,1,1,4,0,1,3,8,9,5,6,2,0,6,0,1,0,0,0,3,0,0,1,0,0,0,0,3,4,0,2,5,3,0,0,1,0,0,0,2,0,0,5,1,4,2,1,2,0,2,3,5,1,2,7,5,3,0,0,0,7,0,0,0,0,0,0,0,0,2,0,0,2,0,0,0,3,0,0,5,0,0,4,3,0,0,1,0,4,0,0,0,0,0,0,2,0,0,12,1,0,1,7,7,0,1,0,4,5,0,0,1,0,0,0,0,0,0,4,0,1,0,2,4,0,2,0,3,0,6,0,0,7,0,8,10,2,0,0,0,0,0,0,0,0,0,3,0,4,0,0,0,0,3,2,0,0,7,0,3,2,0,0,3,1,0,0,0,0,1,0,0,0,0,0,2,0,5,0,1,0,3,1,1,0,4,0,0,0,0,0,7,0,3,0,0,3,0,1,0,0,0,0,7,2,3,1,0,5,4,0,4,1,2,0,0,0,0,0,0,1,0,0,1,0,2,0,3,0,0,0,1,3,3,0,5,0,0,0,0,0,4,2,5,2,1,0,2,0,0,1,0,0,0,0,4,0,1,0,0,0,2,1,0,0,1,2,0,0,0,0,0,0,0,0,1,4,0,1,0,4,0,0,0,0,0,3,4,0,0,1,1,0,0,0,2,0,0,0,1,0,2,6,0,0,7,0,0,0,4,3,0,0,0,0,0,1,0,2,2,4,0,0,2,0,1,1,2,0,1,1,0,0,0,0,1,2,0,0,0,0,0,0,0,0,0,0,0,0,0,0,0,0,0,1,0,0,1,0,1,3,0,3,0,4,1,,0,0,1,1,0,2,0,0,0,3,2,1,0,1,3,0,3,0,0,1,0,1,0,1,0,3,0,0,0,0,0,2,0,0,0,0,0,0,2,1,0,0,2,2,0,0,0,0,0,0,0,0,0,1,0,1,0,1,3,1,0,0,0,2,0,1,0,0,0,3,0,0,0,0,0,0,0,1,0,0,0,4,0,1,0,0,1,0,0,1,0,0,0,1,0,0,4,0,0,0,0,0,0,0,0,0,0,0,0,0,0,1,0,0,0,1,2,0,0,0,0,0,1,0,0,0,0,0,0,0,0,0,0,0,0,0,0,0,0,0,0,0,0,0,0,0,0,0,0,0,0,0,0,0,0,0,0,0,0,0,0,1,0,0,0,0,0,0,0,0,0
2018/04,11,0,0,0,26,9,58,6,24,7,0,22,0,11,6,0,7,15,0,9,0,24,0,0,0,5,27,11,14,13,0,5,12,10,9,0,3,7,0,13,0,0,12,0,3,3,0,4,5,7,12,14,7,4,11,52,8,21,0,0,2,0,0,13,0,0,4,3,0,0,5,3,19,0,0,0,7,0,5,0,7,0,2,13,4,18,17,4,17,0,3,17,6,13,11,5,8,0,0,13,8,4,0,0,4,12,6,4,8,3,11,1,11,2,22,0,4,0,0,21,0,0,9,1,4,0,6,0,14,23,0,0,6,9,4,21,4,2,2,0,10,1,15,0,0,7,9,1,0,10,0,15,0,0,10,0,0,0,12,0,6,2,0,7,2,9,3,0,0,6,0,0,0,0,13,7,0,23,8,7,2,8,0,1,3,0,2,2,3,0,5,2,0,3,4,5,0,11,15,0,5,4,8,0,0,3,0,0,0,7,4,0,9,0,0,0,0,2,4,,9,0,0,0,0,6,0,3,22,8,3,0,0,0,0,0,0,0,5,7,0,0,0,0,3,0,0,8,0,0,2,4,8,0,9,2,0,0,2,0,1,2,3,0,5,0,0,1,1,4,0,2,0,8,2,3,1,4,5,6,1,4,0,0,2,2,6,2,2,0,1,0,1,0,4,0,1,2,7,0,5,0,0,0,0,0,3,0,4,0,0,3,9,7,3,0,11,8,3,4,0,1,4,0,0,0,0,7,9,2,2,10,3,7,0,,5,9,16,5,13,1,0,6,0,3,0,0,0,1,0,5,0,0,0,6,0,4,4,0,3,12,2,1,0,2,2,0,0,1,1,3,12,3,4,3,3,5,0,4,5,4,1,4,4,1,1,1,2,0,14,0,0,0,0,0,0,0,0,1,0,0,1,1,0,0,,0,0,6,2,0,2,1,0,0,0,0,6,0,0,0,1,0,0,5,0,0,2,1,0,1,5,0,0,11,0,1,1,2,0,1,0,0,0,0,1,0,2,0,2,0,3,3,4,2,0,3,0,3,0,0,5,0,3,8,0,0,0,0,0,0,0,0,0,0,1,0,4,0,0,0,0,2,7,0,0,4,0,1,5,1,0,7,1,0,0,0,0,8,1,0,0,0,0,11,0,8,0,2,0,0,5,3,0,1,0,0,0,0,0,4,0,3,0,1,4,2,3,0,0,0,5,0,2,2,2,0,0,2,0,3,1,10,0,0,0,0,0,0,1,0,0,2,0,2,0,5,0,0,0,1,2,9,0,3,0,0,2,0,0,3,0,3,4,4,0,0,0,0,1,9,0,2,0,1,0,1,1,0,0,1,0,0,0,1,0,1,0,0,0,0,0,0,0,2,0,0,0,0,3,3,0,0,0,0,1,3,0,0,1,3,0,0,0,2,0,0,0,0,1,2,0,0,0,4,0,0,0,4,1,0,0,0,0,0,0,2,3,1,2,0,0,1,0,0,3,1,0,1,2,0,0,0,0,0,2,0,5,0,0,0,0,0,0,0,0,0,0,0,2,0,0,0,1,0,2,3,0,0,3,0,1,1,2,4,0,1,1,0,1,2,2,1,0,3,2,1,3,1,2,4,0,2,0,0,1,0,2,1,3,0,2,0,0,0,0,0,2,0,0,0,0,0,0,0,2,0,1,1,1,0,0,2,0,0,0,1,0,0,0,0,1,0,0,2,1,1,0,0,2,0,2,0,0,0,3,0,0,0,0,0,0,2,3,0,0,0,2,0,1,1,0,0,0,1,0,0,0,0,1,0,1,0,0,1,0,0,0,0,0,0,0,0,0,0,0,0,0,0,1,1,0,1,2,0,0,0,0,0,0,0,0,0,0,0,0,0,0,2,0,0,0,0,0,0,0,0,1,1,0,1,0,0,0,0,0,2,0,0,0,0,0,1,0,0,0,0,0,0,0,0,0,0,0,0,0,0
2018/05,3,0,0,0,17,9,47,4,14,5,0,24,0,11,4,0,5,15,0,16,0,44,0,0,0,3,7,24,8,1,0,3,13,8,9,0,5,7,0,10,0,0,11,0,9,3,0,5,11,4,11,12,10,5,14,27,3,18,0,0,2,0,0,9,0,0,6,1,7,0,5,7,3,0,0,0,5,0,7,0,5,0,2,7,4,4,19,2,15,0,1,12,1,21,4,7,3,0,0,8,2,2,0,0,4,1,9,8,7,1,7,4,4,1,0,0,5,0,0,34,0,0,10,3,10,0,9,0,2,17,0,0,4,5,4,11,1,0,1,0,3,6,18,0,0,1,4,2,0,8,0,6,0,0,3,0,0,0,8,0,11,4,0,8,0,8,6,0,0,7,0,0,4,0,13,6,0,13,4,1,6,3,0,8,3,0,2,5,2,0,3,9,0,4,3,11,0,8,6,0,2,7,0,0,0,10,0,0,0,11,10,0,3,0,0,2,0,1,3,2,3,0,0,0,0,4,0,6,4,2,3,6,0,0,9,0,0,0,4,6,0,0,0,0,8,0,0,5,0,0,4,1,5,0,18,1,0,0,6,0,3,3,5,0,6,0,0,0,2,1,0,2,0,4,5,3,2,5,4,5,4,7,0,0,4,0,7,2,3,0,4,0,2,0,5,0,3,4,5,2,0,0,0,0,0,0,5,0,5,0,0,3,14,1,3,0,4,2,2,5,0,2,6,0,3,0,0,3,0,2,1,4,1,5,0,2,3,2,16,4,8,4,0,5,0,1,0,0,0,5,0,2,2,0,0,5,0,4,4,0,2,2,3,0,0,5,0,0,0,5,7,3,6,2,0,2,2,5,0,7,7,0,0,,2,2,3,0,,0,2,0,0,0,0,0,0,0,0,1,0,0,0,1,0,2,1,0,0,4,4,3,2,2,0,0,3,0,2,0,0,0,1,0,0,3,0,0,6,0,0,0,2,0,0,4,0,0,1,0,0,2,0,2,0,0,3,0,2,0,0,0,3,1,7,2,0,0,6,0,0,0,2,0,3,3,1,0,1,0,0,0,0,4,0,0,2,0,2,0,0,0,0,2,0,0,0,1,0,0,2,0,0,1,0,0,0,0,0,3,0,0,0,0,0,0,0,4,0,2,0,1,4,2,0,2,0,0,0,0,0,5,0,6,0,2,1,1,1,0,0,0,3,0,2,2,0,0,3,1,0,4,4,0,0,0,0,0,0,0,3,1,0,4,0,2,0,4,0,0,0,2,5,2,,1,0,0,1,0,0,0,0,6,1,0,0,1,0,0,0,0,0,1,0,0,0,0,5,2,0,0,0,2,0,0,0,4,0,2,0,0,0,0,1,0,0,0,0,0,2,2,0,0,0,0,1,2,1,1,0,0,0,0,0,1,0,0,0,0,1,2,0,0,0,0,0,0,0,7,0,0,0,0,0,0,0,0,1,0,0,0,0,1,0,1,0,2,0,2,3,0,0,0,0,2,5,0,0,0,0,0,0,0,0,0,0,0,0,0,1,0,0,0,2,0,0,1,0,1,2,0,0,0,0,0,1,1,1,0,4,1,3,2,0,5,1,4,3,2,1,4,3,3,0,0,1,0,1,0,0,0,0,0,0,0,0,0,2,0,0,0,0,0,0,1,1,0,0,4,1,0,0,1,0,0,0,1,0,0,2,0,1,0,0,1,0,3,0,0,0,0,1,0,0,0,0,0,0,0,0,0,0,2,2,0,0,0,2,1,1,1,0,1,0,1,0,0,0,0,0,0,0,0,0,1,0,0,0,0,0,0,0,0,0,0,0,0,0,0,3,0,0,1,0,0,0,0,0,0,0,0,0,0,0,0,0,0,0,0,0,0,0,0,0,0,0,0,0,0,0,0,0,0,0,0,0,0,0,0,0,0,0,0,0,0,0,0,0,0,0,0,0,0,0,0,0,0
2018/06,0,0,0,0,8,5,34,1,11,2,0,13,0,3,7,0,7,10,0,8,0,32,0,0,0,2,2,6,7,5,0,3,5,12,4,0,4,7,0,9,0,0,7,0,2,5,0,2,5,7,8,9,9,6,3,18,2,13,0,0,3,0,0,12,0,0,3,4,2,0,1,5,6,0,0,0,6,0,1,0,5,0,4,8,2,7,8,2,12,0,3,9,1,12,14,5,8,0,0,3,4,2,0,0,4,0,5,8,2,0,7,5,4,4,0,0,2,0,0,19,0,0,3,2,8,0,7,0,3,8,0,0,7,4,5,12,1,1,1,0,5,7,9,0,0,7,3,4,0,14,0,11,0,0,7,0,0,0,1,0,7,2,0,3,3,7,5,0,0,4,0,0,2,0,7,3,0,4,2,2,5,3,0,7,3,0,3,2,6,0,2,4,0,4,5,8,0,7,3,0,4,3,2,0,0,9,0,0,0,2,3,0,5,0,0,2,1,3,1,1,2,0,0,0,0,1,0,7,1,0,1,1,0,0,0,0,0,0,3,0,0,0,0,0,2,0,0,1,0,0,5,0,10,0,6,1,0,0,2,0,2,1,4,0,2,0,0,0,1,0,0,7,0,4,1,0,1,6,5,4,1,2,0,0,2,1,3,6,2,0,3,0,2,0,3,0,3,3,4,2,1,0,0,0,0,0,1,0,0,0,0,0,2,4,5,0,4,1,5,2,0,3,4,0,1,0,0,2,3,0,4,4,0,2,0,1,0,3,6,2,4,6,0,2,0,3,0,0,0,4,0,0,4,0,0,5,0,1,1,0,1,3,2,0,0,2,2,0,0,2,4,4,2,0,3,0,2,1,0,4,0,0,2,0,6,5,1,2,2,0,0,0,0,0,0,0,0,0,0,0,0,0,0,1,0,0,1,0,0,0,3,1,1,4,0,0,1,0,4,0,0,0,4,0,0,2,0,0,2,0,0,0,1,1,1,0,1,1,4,2,0,5,0,0,0,0,1,0,4,7,1,0,0,4,4,2,3,0,3,3,0,0,2,0,0,1,0,0,1,0,0,2,0,0,0,0,1,0,4,0,0,0,0,3,1,0,0,2,0,2,3,0,1,0,3,0,0,0,0,1,2,0,0,0,0,4,0,0,0,0,0,2,0,0,0,1,0,0,0,0,0,3,0,1,0,0,2,0,0,0,0,0,0,0,0,0,0,0,1,1,0,1,0,2,0,0,0,0,0,0,0,1,0,1,1,2,0,0,0,0,0,0,3,1,3,3,0,0,4,0,1,1,3,2,0,4,0,0,0,0,6,0,0,3,0,2,0,0,0,0,0,0,0,3,0,0,0,2,0,0,0,0,0,0,3,1,1,2,1,0,0,0,0,0,0,0,0,1,0,3,0,0,0,0,0,1,1,0,3,0,2,0,7,0,0,0,0,0,0,1,1,0,0,0,0,0,0,0,1,1,1,0,0,1,0,0,1,2,0,4,0,0,0,0,0,1,0,0,0,0,0,0,0,0,0,0,0,0,0,0,0,0,0,0,3,0,0,0,0,0,1,0,0,0,1,0,2,0,0,0,0,0,0,1,0,0,0,3,1,0,2,1,0,2,0,2,0,0,1,1,0,0,0,0,0,0,0,0,1,0,0,1,0,0,0,3,1,0,4,1,0,0,0,0,0,0,0,4,0,0,2,0,0,0,1,1,0,0,0,0,1,0,0,0,0,0,3,0,0,0,0,0,0,0,0,0,0,0,2,1,0,0,0,0,1,1,1,0,0,0,1,0,1,1,0,1,0,0,0,0,0,0,0,0,0,0,2,0,0,0,1,0,0,0,0,0,0,0,0,0,0,0,0,0,0,0,0,0,0,0,0,0,0,0,0,0,0,0,0,0,0,0,0,0,0,1,0,0,0,0,0,0,0,0,0,0,0,0,0,0,0,0,0,0,0,0,0,0
2018/07,4,0,0,0,39,9,86,11,33,11,0,22,0,9,9,0,11,29,0,16,0,47,0,0,0,3,13,23,17,5,0,7,12,7,13,0,1,14,0,23,0,0,26,0,9,5,0,7,10,0,17,24,5,10,7,46,0,13,0,0,6,0,0,16,0,0,2,4,6,0,6,4,10,0,0,0,10,0,5,0,3,0,5,13,2,14,11,9,13,0,5,25,4,5,12,7,6,0,0,9,10,4,0,0,2,0,13,11,10,1,13,14,8,0,11,0,2,0,0,26,0,0,10,4,15,0,13,0,8,8,0,0,4,5,3,17,5,1,5,0,6,7,9,0,0,10,8,1,0,8,0,17,0,0,6,0,0,1,5,0,6,9,0,3,1,7,5,0,0,9,0,0,2,0,12,9,0,5,6,5,5,2,0,2,4,0,8,3,7,0,2,8,0,5,2,7,0,11,4,0,7,4,2,0,0,4,0,2,0,1,5,0,1,0,0,4,0,9,7,2,9,0,0,0,0,4,0,9,4,12,5,5,0,0,1,0,0,0,5,6,0,0,0,0,3,0,0,4,0,0,10,0,11,0,6,4,0,0,1,0,7,5,4,0,6,0,0,2,5,2,0,3,0,6,1,1,0,9,4,8,2,3,0,0,5,4,4,3,0,0,2,0,4,0,2,0,4,5,3,2,1,0,0,0,0,0,6,0,2,0,0,4,11,5,8,0,4,5,1,1,0,1,3,0,1,0,0,5,8,3,1,3,3,3,0,2,2,10,1,5,4,2,0,7,0,3,0,0,0,1,0,1,5,0,0,5,0,6,4,0,5,3,1,2,0,4,2,0,0,4,2,0,0,2,2,4,2,2,0,0,6,8,3,1,4,5,2,1,3,0,6,0,0,0,0,0,0,0,0,2,0,0,3,0,0,0,1,0,0,4,6,6,0,4,0,0,3,0,3,0,0,0,2,0,0,1,0,0,1,1,0,0,3,3,0,0,0,1,3,7,0,6,0,2,0,0,1,0,5,8,2,0,1,0,3,3,3,4,0,2,0,0,4,0,1,2,2,0,3,0,0,1,0,0,0,0,6,0,2,0,0,0,0,3,3,0,0,3,0,1,3,0,6,2,2,0,0,0,0,3,0,0,0,0,0,3,0,4,0,0,0,5,1,1,0,2,0,0,0,0,0,7,0,3,0,0,0,1,1,0,0,0,1,0,1,3,3,0,4,4,0,6,,3,0,0,0,0,0,0,4,1,0,4,0,2,0,4,0,0,0,2,2,2,0,2,0,0,3,0,3,6,4,4,1,1,0,1,0,0,0,6,0,2,0,2,0,1,1,3,0,,0,0,0,2,2,1,0,3,0,0,0,0,5,0,0,0,1,0,1,2,0,0,0,0,0,3,1,1,1,0,0,0,0,0,2,0,0,0,0,5,0,0,0,2,0,0,0,1,1,0,0,0,0,0,1,1,1,0,1,0,0,1,0,0,2,0,0,2,3,0,0,0,0,3,4,0,1,0,0,0,0,0,0,0,0,0,0,0,1,,0,0,1,0,0,1,0,2,2,0,3,0,2,0,2,1,,0,0,0,0,1,0,1,1,2,2,2,1,2,2,1,0,0,0,0,1,2,1,0,2,0,0,0,0,0,1,0,0,0,0,0,0,1,5,0,1,2,1,0,0,3,0,0,,1,0,0,2,0,1,0,2,2,1,2,0,0,2,0,1,0,0,0,3,0,0,0,0,0,0,0,1,0,0,0,1,2,2,0,0,0,0,1,1,0,0,0,0,0,0,1,0,1,0,1,0,0,0,0,0,0,0,0,0,1,0,0,0,0,3,1,0,0,0,0,0,1,0,0,0,0,0,0,1,0,0,0,0,0,0,0,0,0,0,0,0,2,0,0,0,0,0,1,0,0,0,0,0,0,0,0,0,0,0,0,0,0,0,0,0,0,0,0,0,0
2018/08,1,0,0,0,33,4,42,10,23,11,0,9,0,5,15,0,6,11,0,10,0,27,0,0,0,4,13,26,8,3,0,7,9,6,8,0,4,11,0,20,0,0,12,0,0,6,0,7,11,6,5,10,5,6,5,17,6,12,0,0,4,0,0,11,0,0,3,6,6,0,5,2,4,0,0,0,6,2,1,0,5,0,5,13,3,11,14,4,7,0,2,12,0,8,7,8,4,0,0,6,12,7,0,0,5,0,9,9,10,3,5,3,13,0,1,0,4,0,0,19,0,0,9,1,14,0,11,0,5,9,0,0,4,4,3,10,4,0,2,0,4,6,3,0,0,,3,7,0,8,0,7,0,0,6,0,0,0,1,0,8,2,0,2,3,6,9,0,0,12,0,0,0,0,11,6,0,2,9,4,5,7,0,4,6,0,8,0,3,0,1,6,0,5,4,10,0,10,7,0,3,4,4,0,0,8,0,0,0,3,4,0,3,0,0,1,1,6,1,2,4,0,0,0,0,0,0,2,5,6,1,2,0,0,2,0,0,0,0,6,0,0,0,0,1,0,0,3,0,0,1,3,3,0,2,4,0,0,1,0,4,2,5,0,5,0,0,3,3,9,0,6,0,6,7,3,6,3,3,6,2,2,0,0,1,2,3,3,3,0,2,0,,0,3,0,4,4,7,2,2,0,0,0,0,0,1,0,1,0,2,4,3,2,10,0,2,8,2,0,0,0,0,0,1,0,0,3,2,1,1,2,2,3,0,1,3,9,1,3,4,7,0,4,0,5,0,0,0,3,0,2,2,0,0,3,0,1,,0,1,3,0,2,0,4,0,0,0,2,4,2,1,1,2,2,6,6,0,1,8,3,1,4,3,1,1,0,,0,3,0,0,0,0,0,0,0,0,1,0,0,2,1,0,0,0,0,0,2,3,2,1,3,0,0,0,0,2,0,0,0,2,0,0,2,0,0,2,0,0,1,5,7,0,0,0,1,0,4,0,2,0,3,0,0,3,0,2,3,0,1,1,2,3,1,3,3,0,0,0,0,4,0,2,3,2,0,1,0,0,1,0,0,0,0,0,0,1,1,0,0,0,5,2,0,0,3,0,0,1,0,5,0,3,0,0,0,0,2,5,0,0,0,0,6,0,4,0,4,0,6,3,2,0,0,0,0,0,0,0,2,0,7,0,3,0,3,2,0,1,0,2,2,0,0,5,0,7,5,0,0,0,2,0,0,0,0,0,0,2,1,0,2,3,3,0,4,4,0,0,1,6,3,1,3,0,0,1,0,1,1,1,3,3,2,0,2,0,0,0,0,0,1,0,3,0,1,0,0,0,,4,0,0,1,2,1,0,2,0,0,0,0,0,1,0,3,0,0,0,3,0,0,0,3,0,1,0,1,1,0,0,0,0,1,1,0,2,0,0,1,1,0,0,1,0,0,0,1,2,0,0,0,0,0,0,1,0,0,3,0,0,2,0,0,0,0,0,0,1,0,0,0,0,1,1,0,1,0,0,0,0,0,0,0,0,0,0,0,0,1,0,0,0,0,1,2,0,0,1,0,2,1,0,1,0,0,0,0,1,0,0,0,2,0,1,1,1,0,1,1,1,1,0,2,0,0,0,0,1,0,0,0,0,0,0,0,2,0,0,0,0,0,4,0,1,0,0,1,0,0,0,3,0,0,4,1,0,0,1,0,0,0,2,0,0,1,0,0,0,0,1,0,0,0,2,0,0,0,0,0,0,1,3,0,0,0,1,0,1,0,0,0,0,0,0,1,0,0,0,0,1,1,0,1,0,0,0,0,0,0,0,0,0,0,0,0,0,3,1,1,1,0,0,0,0,0,0,1,0,0,0,0,0,0,1,0,0,0,0,0,0,0,0,0,0,0,0,0,0,0,0,0,0,0,0,0,0,0,0,0,0,0,0,0,0,0,0,0,0,0,0,0,0,0,0,0
2018/09,2,0,0,0,38,3,33,7,18,5,0,13,0,9,7,0,2,11,0,13,0,13,0,0,0,2,9,18,14,0,1,7,3,9,5,0,1,7,0,19,0,0,9,1,7,10,0,3,12,5,5,7,6,7,14,16,4,7,0,0,6,0,0,8,1,0,1,5,4,0,2,5,6,0,0,0,13,4,2,0,4,0,1,12,10,7,6,3,8,0,4,6,1,6,5,6,8,0,0,7,8,0,0,5,5,0,10,9,5,0,6,5,9,8,1,0,1,0,0,9,0,0,4,0,5,0,8,0,2,3,0,0,7,4,3,5,2,0,1,0,1,4,2,0,0,8,10,4,0,6,0,6,0,0,5,0,0,0,3,0,9,7,0,2,5,5,1,0,0,10,0,0,4,0,5,7,0,7,4,5,1,4,2,3,5,0,8,0,6,0,0,1,0,2,3,13,0,5,4,0,6,5,4,0,0,2,0,0,0,0,1,0,7,0,0,2,0,1,1,1,3,0,0,0,0,1,0,4,6,6,4,1,0,0,2,0,0,0,2,4,0,0,0,0,3,0,0,2,0,0,2,0,,0,6,3,0,0,3,0,1,1,0,0,0,0,0,0,4,3,0,3,0,3,3,4,7,3,4,6,4,5,0,0,3,4,3,0,3,0,2,0,3,0,6,1,1,5,5,1,0,0,0,0,0,0,3,0,2,0,3,2,4,3,5,0,3,2,2,0,0,3,1,0,4,0,0,4,4,1,2,4,0,9,0,2,1,1,3,8,3,3,0,1,0,2,0,0,0,3,0,2,4,0,0,2,4,0,2,0,4,2,1,0,0,3,2,0,0,0,1,3,3,3,1,1,3,4,0,1,1,3,1,0,1,2,2,1,2,0,3,0,0,0,0,0,0,0,0,1,0,0,2,0,0,0,1,0,0,1,7,0,1,4,0,0,2,0,3,0,0,0,0,0,0,2,0,0,1,1,9,4,1,0,0,0,0,1,1,2,0,4,0,2,0,0,1,0,5,2,0,1,3,0,2,1,1,2,3,5,0,0,3,0,4,1,0,0,0,0,0,2,0,0,0,3,1,0,3,4,0,0,0,4,1,0,0,1,0,1,1,1,1,1,1,0,0,0,0,1,0,0,0,0,0,3,0,3,0,1,0,0,0,0,0,1,0,0,0,0,0,5,0,3,0,3,1,1,0,0,0,0,1,0,0,3,1,0,1,1,0,0,0,0,0,0,0,0,0,0,2,1,0,4,1,1,0,1,2,0,0,0,2,1,1,0,0,0,1,0,1,0,2,0,0,2,0,0,0,0,1,0,0,1,0,0,0,0,5,2,0,0,0,0,0,0,0,0,0,4,0,0,0,0,1,3,0,3,0,0,1,0,0,0,0,1,0,3,1,2,0,0,0,0,0,1,0,0,0,,2,2,0,0,0,1,0,0,0,0,0,0,0,0,0,0,0,3,0,1,3,0,0,0,0,0,1,1,0,0,1,0,0,0,0,1,1,0,0,0,0,0,0,0,0,0,0,0,0,0,0,0,0,0,0,0,0,4,0,0,0,0,2,2,1,0,0,1,4,2,0,0,1,0,0,0,0,3,0,1,2,0,0,0,0,0,0,0,0,2,0,0,0,0,0,0,0,0,2,0,1,1,0,0,0,0,0,0,1,0,2,0,0,0,0,0,0,0,3,2,0,0,0,0,1,3,0,1,0,0,0,0,1,0,0,0,0,0,0,0,0,0,0,0,1,0,0,0,0,1,0,0,0,1,0,0,0,1,0,0,0,0,1,0,0,0,0,0,0,0,0,0,0,0,0,0,0,0,0,1,1,2,1,0,1,0,0,0,0,1,0,0,0,0,0,0,0,0,0,0,0,0,0,0,0,0,0,0,0,0,0,0,0,0,0,1,0,0,0,0,0,0,0,0,0,0,0,0,0,0,0,0,0,0,0,0,0,0
2018/10,3,0,0,0,66,17,47,21,34,16,0,25,0,6,14,0,4,21,0,14,0,34,0,0,0,15,18,19,20,1,12,7,20,18,8,0,8,9,0,15,0,0,19,18,14,7,0,7,10,3,8,19,15,13,31,26,21,20,0,0,6,0,0,19,16,0,17,14,10,0,5,6,13,0,0,0,13,1,3,0,3,0,5,39,6,7,12,10,11,0,4,28,1,16,2,9,7,0,0,23,7,2,0,10,4,10,10,17,8,6,4,9,15,6,2,0,3,0,0,12,0,0,4,1,15,0,14,9,21,8,0,0,8,10,11,15,6,0,1,0,3,3,6,0,0,9,24,6,0,8,0,24,3,0,3,0,0,1,8,0,2,7,0,11,3,12,4,0,0,22,0,0,10,4,13,14,0,6,9,5,13,4,11,5,5,0,9,4,4,0,2,12,0,1,4,7,0,3,11,0,6,10,5,0,0,7,0,0,0,0,5,0,7,0,0,2,0,6,3,0,5,0,0,0,0,3,0,6,14,11,2,0,0,0,0,0,0,0,4,11,0,0,0,0,3,0,0,6,0,0,4,5,8,0,4,8,0,0,5,0,4,1,9,0,11,0,0,3,9,2,0,5,0,14,4,1,1,4,8,15,0,4,0,0,6,3,2,2,4,0,8,8,0,0,8,4,2,4,8,2,0,0,0,0,0,0,3,0,2,0,17,8,17,4,6,0,8,6,2,0,0,2,0,0,1,0,0,4,5,3,3,12,1,0,0,0,6,2,5,5,9,5,0,1,0,2,0,0,0,10,0,2,1,0,0,5,1,4,6,0,0,8,6,5,4,5,2,0,0,3,2,3,10,6,1,2,2,1,0,10,5,3,0,2,3,5,3,2,3,0,4,0,0,0,0,0,0,0,2,3,0,0,1,3,1,1,2,0,0,8,3,9,1,1,0,0,8,0,3,0,0,0,4,0,0,1,0,0,1,3,8,2,2,4,0,0,0,1,2,4,0,1,0,6,0,0,4,0,12,5,0,1,1,5,1,3,3,4,5,2,0,0,4,0,12,12,0,0,0,0,0,7,0,0,0,7,6,0,1,7,0,0,0,8,3,0,0,3,0,2,1,3,11,5,0,0,0,9,0,6,0,0,0,0,0,4,0,2,0,2,0,6,2,3,0,4,0,0,0,0,0,7,0,3,0,2,4,1,2,0,1,0,3,0,1,1,3,0,1,5,0,3,4,6,0,0,0,0,0,0,2,1,0,2,3,2,0,1,7,0,0,4,6,5,2,2,0,0,3,0,4,5,1,7,1,2,0,4,0,0,1,0,0,3,0,3,0,2,2,2,0,1,5,0,0,2,1,3,0,3,0,1,0,0,3,2,3,2,1,0,3,4,0,0,0,3,2,7,0,5,1,3,0,0,0,0,1,0,4,0,3,2,0,0,0,5,0,0,0,2,3,0,0,0,0,0,1,4,0,0,1,0,1,1,0,0,5,0,0,3,2,0,0,0,1,5,1,0,2,0,0,0,0,0,0,0,0,0,0,0,3,0,0,0,2,0,4,2,0,0,2,0,1,1,1,1,0,1,1,1,2,6,1,1,3,0,0,3,2,0,4,5,1,1,0,0,1,0,0,3,0,0,2,0,0,0,0,0,2,0,0,0,0,0,5,0,3,0,1,4,0,1,0,0,0,0,3,1,0,5,2,0,2,0,2,3,1,2,0,1,2,0,2,0,0,0,1,0,0,0,0,0,0,0,1,0,0,0,3,,2,0,0,1,1,3,1,3,0,0,0,0,0,1,0,2,0,0,0,0,0,0,0,0,0,0,1,2,0,0,3,0,0,0,0,0,0,0,3,0,0,0,0,0,0,0,0,0,0,1,0,0,0,0,0,0,0,0,0,0,0,0,0,0,0,0,0,0,0,0,0,0,0,0,0,0,1,0,0,0,0,1,0,0,0,0,0,0
2018/11,4,0,0,0,59,9,44,14,44,11,0,16,0,15,13,0,2,33,0,23,0,46,0,0,0,18,25,22,26,5,27,10,23,15,7,0,8,11,0,10,0,0,18,15,8,12,0,13,6,3,17,14,13,13,17,15,9,21,0,0,4,0,0,15,20,0,14,6,7,0,9,7,15,0,0,0,24,2,1,0,8,0,7,14,13,6,16,7,11,0,6,40,13,15,9,15,3,0,0,15,8,9,0,13,5,22,14,14,6,7,7,16,9,1,14,0,2,0,0,14,0,0,6,2,13,0,13,18,6,10,0,0,12,8,3,18,7,0,13,0,7,2,11,0,0,6,11,11,0,7,0,10,8,0,8,0,0,1,7,0,16,9,0,14,4,7,4,0,0,16,0,0,1,4,18,16,0,2,6,4,9,2,4,2,4,0,11,1,3,0,0,6,0,2,2,13,0,5,10,0,8,11,8,0,0,11,0,24,0,0,3,0,9,0,0,4,0,6,7,0,7,0,0,0,0,6,0,1,12,13,5,2,0,0,5,0,0,0,1,10,0,0,0,0,7,0,0,6,0,0,5,3,7,0,0,2,0,0,3,0,7,4,11,0,9,0,0,0,3,1,0,8,0,5,1,1,5,10,9,3,5,6,0,0,8,2,4,3,4,0,5,11,0,0,5,10,3,8,6,,1,0,0,0,0,0,2,0,7,0,11,8,12,2,4,0,5,7,3,0,0,0,0,0,,0,0,1,2,4,1,2,3,9,0,2,5,4,4,2,6,10,0,4,0,5,0,0,0,1,0,5,1,5,0,7,2,0,3,0,2,9,4,10,4,6,4,0,0,8,3,4,6,5,3,1,1,2,0,4,7,7,0,4,11,3,1,1,7,0,1,0,0,0,0,0,0,0,2,2,0,0,3,2,0,1,1,0,0,9,3,3,4,6,0,0,5,0,1,0,0,0,2,0,0,2,0,0,6,1,12,0,3,2,0,0,0,2,4,4,0,3,0,1,0,0,2,0,6,2,,3,1,3,3,0,4,4,7,3,0,0,9,0,8,12,1,0,0,0,0,2,0,1,3,4,9,0,1,7,0,0,0,5,3,0,0,11,0,1,2,11,3,4,1,0,0,6,0,2,0,0,0,0,0,5,0,7,0,6,0,4,1,2,0,2,0,0,0,0,0,6,0,6,0,2,0,4,2,0,1,0,2,0,1,0,4,0,3,0,0,1,1,1,0,0,0,0,0,0,1,1,0,2,0,4,2,9,0,0,0,1,3,6,0,3,0,0,4,0,3,8,7,2,1,1,0,4,0,0,1,4,0,3,0,2,0,1,0,4,0,2,8,1,0,2,1,2,0,1,0,3,0,0,2,8,0,5,1,0,1,1,0,0,0,8,1,3,1,3,1,1,0,0,0,3,3,0,2,1,3,5,0,0,0,3,0,0,0,0,2,0,0,0,0,0,0,2,2,0,4,0,0,2,0,0,1,1,0,1,1,0,0,0,2,0,4,0,4,0,0,0,0,0,0,0,0,0,0,0,0,1,0,0,6,0,0,0,0,0,2,0,1,4,1,2,0,2,0,1,2,2,2,3,6,0,4,4,2,0,2,2,4,4,0,0,0,0,2,0,1,0,0,0,0,0,0,0,1,0,0,1,0,0,5,1,0,0,4,1,0,0,0,0,0,0,5,2,2,4,5,0,1,0,5,3,2,2,0,5,1,0,,0,0,0,0,0,0,0,0,0,0,2,4,0,0,0,0,2,1,0,0,1,0,1,0,0,0,0,0,0,0,1,0,1,0,0,0,0,0,0,0,0,0,0,1,3,2,0,1,3,1,0,0,0,0,0,1,1,0,0,0,0,0,0,0,0,0,1,0,0,0,0,0,0,0,0,1,1,0,0,0,0,0,0,0,0,0,0,0,0,0,0,0,0,0,0,0,0,0,0,0,0,0,0,0,0
2018/12,4,0,0,0,44,10,41,5,22,20,0,34,0,11,12,0,5,27,0,8,0,21,0,0,0,26,9,52,9,2,33,15,19,23,4,0,2,3,0,24,0,0,17,16,7,19,0,9,18,5,13,12,13,8,39,13,5,7,0,0,4,0,0,18,17,0,4,8,13,0,11,5,19,0,0,0,14,1,0,0,6,0,9,44,7,17,26,14,10,0,2,12,3,8,9,11,4,0,0,15,22,8,0,13,9,17,6,13,14,3,2,8,4,7,5,0,2,0,0,8,0,0,14,3,13,0,10,10,32,7,0,0,8,9,3,5,6,0,4,0,3,5,9,0,0,12,13,10,0,9,0,22,2,0,6,0,0,2,4,0,14,12,0,5,5,13,15,0,0,18,0,0,2,4,13,4,0,6,7,17,10,15,17,7,8,0,14,3,5,0,0,15,0,11,0,8,0,10,14,0,3,8,1,0,0,6,0,3,0,0,6,0,7,0,0,4,0,3,7,3,7,0,0,0,0,6,0,5,22,10,2,2,0,0,2,0,0,0,6,8,0,0,0,0,3,0,0,4,0,0,6,2,4,0,11,6,0,0,1,0,7,6,1,0,9,0,0,1,4,10,0,5,0,0,1,5,3,11,7,3,3,2,0,0,4,7,1,2,2,0,9,18,2,0,4,1,5,4,5,2,2,0,0,0,0,0,15,0,5,0,11,2,6,13,2,0,9,5,1,3,0,6,2,0,7,0,0,3,5,1,5,4,1,6,0,5,12,5,8,7,10,3,0,4,0,4,0,0,0,2,0,1,6,5,0,5,4,4,1,0,5,9,0,2,4,0,2,0,0,2,2,4,9,0,1,3,3,1,1,0,2,6,0,5,2,3,6,1,1,0,1,0,0,0,0,0,0,0,2,2,0,0,4,2,0,0,1,0,0,7,5,4,6,6,0,0,6,0,4,0,0,0,2,0,0,2,0,0,2,1,6,1,0,2,0,0,0,2,1,1,0,1,0,5,0,0,3,0,3,3,2,0,2,2,1,2,4,2,4,3,0,0,8,0,5,1,0,0,5,0,0,1,0,3,1,1,0,0,1,3,0,0,0,3,0,0,0,2,0,9,5,1,1,3,0,0,0,3,0,0,2,0,0,0,0,2,0,0,0,1,0,1,5,3,0,6,0,0,4,0,0,6,0,10,0,3,3,4,1,1,0,0,1,0,2,3,2,0,1,2,0,1,0,2,0,0,0,0,0,0,4,2,0,0,4,4,6,5,4,0,0,0,1,3,3,5,0,0,7,0,0,4,2,2,9,4,0,7,0,0,0,1,0,2,0,3,0,3,3,4,0,0,1,0,0,4,2,0,0,1,0,2,0,0,2,1,2,0,1,0,7,2,0,0,0,1,1,4,1,3,1,8,0,0,0,0,1,0,3,1,0,5,0,0,0,2,0,0,0,0,1,0,0,0,0,0,0,2,0,0,4,0,3,1,0,0,1,4,0,1,1,0,0,0,4,2,7,0,1,0,0,0,0,0,0,0,0,0,0,0,1,1,0,0,1,0,1,0,0,3,1,0,2,0,2,1,0,3,2,1,0,3,1,3,0,0,0,0,2,2,2,1,2,4,0,3,0,0,0,0,3,0,4,0,0,0,0,0,3,0,1,0,0,0,4,4,0,0,0,2,1,0,0,1,0,0,1,2,0,5,3,0,0,0,0,1,4,1,0,1,0,0,3,0,0,0,4,0,0,0,0,0,0,1,0,0,0,0,1,2,1,2,0,0,0,0,1,0,0,0,1,0,0,1,0,4,0,0,0,0,0,0,0,0,0,0,1,3,0,0,0,0,0,,0,0,0,0,2,0,0,0,0,0,0,0,0,0,0,0,0,0,0,0,0,0,0,0,0,1,0,0,0,0,0,0,0,0,0,0,0,0,0,0,0,0,1,0,0,0,0,0,0,0,0,0,0,0
2019/01,3,0,0,0,25,6,38,10,13,13,0,18,0,7,11,0,8,21,0,6,0,30,0,0,0,25,23,22,10,1,9,8,6,12,4,0,0,1,0,18,0,0,6,7,7,9,0,8,13,2,11,7,9,18,18,15,2,14,0,0,4,0,0,8,7,0,2,8,4,0,5,8,7,0,0,0,12,3,1,0,3,0,11,10,2,7,15,11,7,0,4,11,2,17,4,4,3,0,0,11,8,4,0,3,4,6,12,11,8,2,11,5,6,4,2,0,0,0,0,3,0,0,11,3,9,0,4,8,7,2,0,0,9,3,1,6,4,0,7,0,2,6,8,0,0,15,6,8,0,7,0,11,2,0,6,0,0,0,2,0,4,7,0,2,1,6,4,0,0,9,0,0,2,7,4,4,0,6,6,6,5,10,6,1,6,0,7,2,2,0,0,3,0,4,1,11,0,4,4,0,2,2,2,0,0,4,0,4,0,0,5,0,0,0,0,3,0,3,4,0,6,0,0,0,0,2,0,3,6,11,3,4,0,0,3,0,0,0,3,7,0,0,0,0,1,0,0,2,0,0,2,5,1,0,12,4,0,0,2,0,5,5,1,0,5,0,0,0,1,6,0,2,0,2,1,1,0,3,8,5,1,7,0,0,6,2,3,3,3,0,1,10,2,0,6,2,1,7,4,2,3,0,0,0,0,0,5,0,5,0,5,3,5,5,3,0,6,3,5,4,0,1,8,0,4,0,0,2,2,5,2,0,0,5,0,2,8,7,5,6,4,4,0,5,0,3,0,0,0,6,0,2,3,1,0,0,3,3,2,0,2,8,3,3,3,0,1,0,0,3,0,3,2,1,3,0,4,2,0,0,2,2,0,3,9,3,2,0,4,0,1,0,0,0,0,0,0,0,2,3,0,0,4,1,0,1,0,3,0,4,1,2,3,1,0,0,1,0,1,0,0,0,1,0,0,3,0,0,3,0,5,0,1,3,0,0,0,1,4,2,0,4,0,3,0,0,3,0,2,0,0,0,0,3,2,3,3,2,3,5,0,0,6,0,9,3,1,0,1,0,0,2,0,1,2,2,3,0,0,2,0,0,0,1,1,0,0,1,0,1,0,1,0,2,2,0,0,0,0,0,0,0,0,0,0,2,0,3,0,2,0,1,3,6,0,5,0,0,2,0,0,4,0,2,0,2,0,5,1,0,2,0,1,0,3,1,1,0,3,1,0,3,0,,0,0,0,0,0,0,1,2,0,2,1,3,3,4,1,0,2,3,1,2,2,3,0,0,4,0,1,3,1,6,0,2,0,0,0,0,1,2,0,3,0,1,0,2,2,1,0,1,1,0,0,0,0,1,0,1,0,2,0,0,1,2,0,0,1,0,1,4,0,0,0,0,0,1,2,1,0,2,0,0,0,0,3,0,1,,1,4,1,0,0,3,0,0,0,1,0,0,0,1,0,0,0,0,1,3,0,0,0,1,0,0,3,2,0,5,2,0,0,0,0,0,4,0,1,0,0,0,0,0,0,0,0,0,0,0,1,0,0,0,2,0,0,1,0,0,1,0,2,1,0,0,0,0,3,1,0,0,0,0,3,0,1,0,0,2,4,1,3,1,0,1,0,0,0,3,4,0,2,0,0,0,0,0,1,0,1,1,0,0,0,0,0,0,0,1,1,0,0,2,0,0,3,0,0,4,1,0,1,0,0,0,3,1,0,0,0,0,3,0,0,0,2,0,0,0,0,0,0,0,2,0,0,0,1,1,1,0,0,0,0,0,0,0,0,0,1,0,0,1,0,1,0,0,0,0,0,0,0,0,0,0,0,0,2,0,1,0,0,0,0,0,0,0,0,2,0,0,0,0,0,0,2,0,0,0,0,0,0,0,0,0,0,0,0,1,0,0,0,0,0,0,0,0,0,0,0,0,0,0,0,0,1,0,0,0,0,1,0,0,0,0,0,0
2019/02,3,0,0,0,53,14,72,20,27,16,0,35,0,19,34,0,13,47,0,16,0,38,0,0,0,41,18,34,25,8,24,7,20,13,2,0,6,9,0,28,0,0,18,17,12,10,0,29,14,7,14,33,0,33,22,22,6,16,0,0,13,0,0,19,16,0,21,24,12,0,4,5,12,0,0,0,17,2,5,0,10,0,19,15,12,27,21,4,15,0,3,20,12,15,8,4,14,0,0,26,14,14,7,12,20,16,19,14,5,5,13,6,13,12,2,0,7,0,0,1,0,0,13,3,8,0,14,12,9,5,0,0,10,5,14,16,11,0,3,0,3,8,17,0,0,3,8,6,0,15,0,19,2,0,7,0,0,1,4,0,12,5,0,1,8,14,4,0,0,10,0,0,3,5,14,10,6,11,3,12,14,5,12,7,4,0,12,5,12,0,1,13,0,10,9,4,0,11,16,0,5,6,10,0,0,10,0,6,0,8,7,0,0,0,0,1,1,6,5,4,7,0,0,0,5,8,0,8,11,6,5,3,0,0,6,0,0,9,8,8,0,0,0,0,4,0,0,8,0,0,6,4,5,0,15,4,0,0,6,0,6,5,5,0,10,0,0,3,4,11,0,11,0,6,3,3,1,13,8,10,1,6,0,0,9,4,10,2,8,0,0,15,3,0,6,3,4,5,18,4,0,0,0,0,0,0,1,0,2,0,6,2,8,6,2,0,11,4,3,8,0,4,7,0,5,0,0,5,5,4,3,7,2,9,0,3,6,4,4,13,11,3,0,4,0,8,0,0,0,9,0,7,4,6,0,4,1,3,0,0,8,12,3,2,4,6,2,0,0,5,1,4,3,1,6,4,3,2,7,0,3,4,0,7,8,5,2,14,4,2,6,0,0,0,0,0,0,0,2,2,0,4,3,2,1,1,0,2,0,7,3,1,6,3,0,0,1,0,7,0,0,0,6,0,0,1,0,0,5,2,6,0,3,7,2,0,2,1,5,3,1,4,0,0,0,0,4,0,7,3,5,0,4,2,6,2,4,3,10,6,0,0,8,0,4,7,1,0,1,0,0,4,0,3,1,2,1,0,5,5,0,0,0,0,4,0,0,5,0,0,3,2,1,2,3,0,0,1,0,1,0,1,0,0,0,6,0,3,0,1,0,5,3,5,0,1,0,0,2,0,0,6,0,1,0,7,1,1,1,0,4,0,4,0,0,3,5,0,4,2,0,3,4,0,0,0,1,0,0,0,3,1,0,7,2,1,1,3,5,0,9,5,6,6,2,4,3,0,5,0,2,4,2,3,1,3,0,2,0,0,0,0,0,4,0,1,0,3,3,1,0,3,2,0,0,8,2,8,0,2,0,1,0,0,2,1,2,2,3,0,4,3,0,0,0,0,1,5,1,5,4,0,0,0,0,0,5,0,1,1,1,6,1,0,0,5,0,0,0,0,0,0,0,4,0,0,0,5,0,0,0,0,4,0,0,0,6,2,0,2,2,0,0,0,0,3,3,0,3,0,0,0,0,0,0,0,0,0,0,0,2,0,0,0,1,0,0,3,0,0,5,4,2,1,0,0,0,2,6,0,5,2,0,3,0,3,0,1,5,2,2,2,5,3,0,0,0,0,0,3,0,2,0,0,0,0,0,0,2,0,1,3,0,0,1,1,1,0,0,1,0,0,0,0,0,0,0,1,0,4,2,0,1,0,1,1,2,2,0,2,1,0,3,0,0,0,0,0,0,0,0,0,0,2,1,0,0,0,2,0,1,0,0,2,0,0,0,0,0,0,2,0,1,0,0,0,0,0,0,0,0,0,0,0,0,0,0,2,1,0,0,1,1,1,0,0,0,0,1,3,0,0,0,0,0,0,1,0,0,1,0,0,0,0,0,0,0,0,0,0,0,1,0,0,0,0,0,0,0,0,0,0,0,0,0,0,1,0,0,0,0,0,0,0,0,0,0,0
2019/03,11,0,0,0,25,10,53,8,10,6,1,14,0,10,22,0,8,16,0,8,0,19,0,5,0,11,16,10,13,1,12,2,14,12,4,0,5,8,0,16,0,0,11,9,3,4,0,6,11,3,11,18,25,9,7,17,5,12,0,0,4,0,0,13,9,0,9,10,5,0,2,6,10,0,0,0,14,2,2,0,7,0,6,16,1,14,14,3,7,0,4,8,5,18,2,6,4,0,0,5,11,11,11,12,4,4,9,9,15,5,4,5,7,10,8,0,8,0,0,3,0,0,16,2,2,0,6,11,4,3,0,0,8,2,6,7,3,0,2,0,1,6,9,0,0,8,7,4,0,9,0,6,2,0,3,0,23,2,3,0,7,11,0,4,2,16,15,0,0,3,0,0,2,6,9,3,14,7,3,13,7,3,5,3,3,0,5,1,4,0,1,7,0,5,7,7,0,5,2,0,3,5,2,2,0,2,0,4,0,0,4,0,2,0,0,3,1,4,2,2,4,0,0,0,6,4,0,6,4,6,1,0,0,17,5,0,0,12,1,6,0,0,0,0,4,0,0,2,0,0,2,1,6,0,11,6,0,0,5,0,3,5,3,0,8,0,0,2,0,3,0,4,0,4,1,5,1,7,5,4,1,7,0,0,2,0,3,5,5,0,0,6,0,0,7,1,4,4,5,3,0,0,0,0,0,0,5,0,2,0,4,1,5,4,3,0,4,3,1,3,0,1,8,0,4,0,0,3,5,2,2,2,2,1,0,2,3,4,2,4,10,4,0,6,0,3,0,0,0,4,0,4,6,2,0,4,4,0,0,0,1,6,4,1,4,0,2,0,0,0,3,2,4,2,1,1,8,2,5,3,0,5,0,5,3,1,2,5,2,2,4,0,0,0,1,0,0,0,5,2,3,9,0,1,0,0,0,4,0,3,3,3,2,2,0,0,1,0,5,0,0,0,4,0,0,0,0,0,1,0,0,0,3,5,3,0,2,2,3,2,4,1,0,2,0,0,0,0,3,7,4,0,4,1,1,4,1,0,8,1,0,0,3,0,2,7,2,0,0,0,0,1,0,2,1,1,1,0,1,3,0,0,0,4,3,0,0,0,0,0,1,1,2,0,2,0,0,2,0,1,3,2,0,0,0,2,0,2,0,2,0,1,2,1,0,4,0,2,0,0,0,1,0,3,0,1,0,1,4,0,1,6,0,0,1,5,1,3,3,4,0,1,1,1,0,0,4,0,0,0,0,0,0,3,1,0,3,3,1,0,8,1,3,2,0,1,5,0,3,0,5,1,1,2,2,3,0,3,0,0,2,0,0,2,0,0,0,1,1,1,0,0,1,0,0,4,1,1,0,1,0,3,0,0,4,0,3,0,0,0,1,1,0,2,0,1,0,3,0,4,1,3,0,0,0,0,1,0,0,0,4,2,0,0,0,4,0,0,0,0,1,0,0,4,0,0,0,0,1,2,1,0,0,0,0,1,1,1,0,4,3,0,0,0,1,1,2,0,0,0,0,0,0,0,0,0,0,0,0,0,3,0,0,0,0,0,0,0,0,0,1,6,0,1,1,0,0,0,1,1,0,0,1,0,0,0,0,3,0,0,2,2,0,4,0,1,0,0,1,2,4,1,0,0,0,0,0,,2,0,0,0,0,0,0,1,1,0,3,3,0,0,0,5,0,0,1,0,0,2,0,0,0,0,1,0,1,0,0,1,0,0,1,0,0,0,0,0,0,0,0,0,0,0,1,0,0,0,2,1,4,1,0,0,0,0,0,0,0,0,1,0,0,0,0,1,0,0,0,0,0,0,0,0,0,0,0,1,0,1,1,0,0,0,0,0,0,0,0,0,0,0,0,0,0,0,0,0,0,0,0,0,0,0,0,0,0,0,0,0,0,1,0,0,0,0,0,0,0,0,0,0,0,0,0,0,0,0,0,0,0,0,0,0,0,0,0,0
2019/04,12,0,0,0,40,15,53,3,18,7,2,27,0,21,17,0,17,36,0,14,0,47,0,28,0,7,24,24,16,12,25,3,14,14,6,0,2,6,0,6,0,0,13,13,12,16,0,12,8,9,13,22,20,10,6,18,11,12,0,0,7,0,0,22,7,0,10,5,11,0,7,8,10,,0,0,15,3,12,0,2,0,9,10,3,9,12,2,17,0,4,5,0,13,6,6,,0,0,9,10,7,23,21,3,10,3,17,8,4,11,13,10,8,4,0,0,0,0,3,5,0,9,3,10,0,8,7,8,2,0,0,12,3,8,6,7,3,0,0,8,6,15,0,0,16,8,5,0,2,0,16,7,0,8,0,29,3,3,0,6,6,0,10,6,11,3,0,0,12,0,0,0,1,18,13,14,5,9,12,7,3,13,4,10,0,8,4,0,0,4,14,0,2,6,12,0,8,7,0,3,5,4,0,0,5,0,1,0,0,4,0,23,0,0,2,0,6,8,3,5,0,0,0,8,5,0,6,2,7,5,2,0,16,5,0,0,7,6,12,0,0,1,0,1,0,0,1,0,0,4,9,1,0,7,17,0,0,8,0,4,7,3,0,9,0,0,4,6,2,0,8,0,2,0,4,0,8,3,1,2,4,0,0,4,1,1,0,4,0,0,4,1,0,4,3,10,9,5,15,8,0,0,0,0,0,2,0,8,0,9,0,3,2,1,0,5,3,8,10,0,5,4,0,7,0,0,5,2,3,8,3,2,4,0,11,4,2,2,9,3,2,0,4,0,2,0,0,0,10,0,4,2,3,0,7,4,3,5,0,2,8,0,4,1,4,1,0,0,6,3,1,9,3,4,2,6,5,10,5,2,4,3,2,5,3,5,2,1,4,3,0,0,0,0,0,0,0,4,5,13,5,3,2,0,0,0,8,0,6,4,4,5,4,0,0,2,0,8,0,0,0,2,0,0,5,0,0,1,12,6,,2,0,3,0,0,0,8,2,12,5,0,0,0,0,3,0,11,4,7,0,2,3,2,0,0,2,7,4,0,0,9,0,2,2,1,0,2,0,0,2,0,0,4,7,1,0,2,4,0,0,0,5,1,0,0,4,0,1,7,2,5,1,4,0,0,11,0,0,6,3,0,0,0,7,0,3,0,1,0,,5,4,0,4,0,7,1,0,0,4,0,0,0,2,4,1,0,0,1,5,5,0,1,10,0,10,2,1,0,2,0,3,0,0,5,0,0,0,1,1,0,1,3,0,4,7,1,0,3,0,6,1,7,6,2,0,2,0,4,1,2,4,1,1,0,6,0,0,0,0,0,4,0,0,0,1,3,0,0,1,7,0,4,1,2,2,0,4,0,5,0,0,2,3,2,2,0,0,1,1,0,5,0,4,0,1,1,0,0,1,0,0,0,0,1,0,1,2,0,1,0,0,0,3,0,0,1,0,0,0,0,5,0,0,1,1,0,0,4,0,1,1,0,2,3,2,0,2,3,0,0,0,1,4,1,0,0,0,0,0,0,0,0,0,0,0,0,0,0,1,0,0,0,0,1,0,0,,1,0,1,2,3,5,0,1,2,1,,0,1,2,3,2,3,0,2,4,4,1,3,3,2,1,0,0,1,2,1,3,1,0,0,0,0,3,0,0,1,1,0,0,3,2,4,0,4,0,1,0,0,0,0,0,1,3,1,1,0,0,3,0,3,1,0,3,0,1,0,0,0,0,0,0,1,0,0,0,0,0,0,1,2,0,0,0,0,1,0,2,0,0,4,0,1,0,0,0,0,0,0,0,0,1,0,0,0,0,0,0,0,0,0,0,0,1,0,3,0,0,1,3,1,2,0,0,0,1,0,0,0,0,1,0,0,0,0,2,0,0,0,0,0,0,0,0,0,0,0,0,0,0,0,0,0,0,0,0,0,0,0,0,0,0,0,0,0,0,0,0,0,0,0,0,0,0
2019/05,5,0,0,0,38,9,73,12,23,15,1,31,0,18,16,0,9,25,0,22,0,33,0,13,0,11,21,11,6,6,29,3,18,17,8,0,2,20,0,10,0,0,15,14,17,7,0,7,6,8,13,15,10,9,15,24,10,13,0,0,4,0,0,15,15,0,4,4,10,0,13,10,12,18,0,0,17,3,12,0,10,0,6,15,8,6,14,4,12,0,9,19,4,12,6,7,5,0,0,7,3,6,12,22,7,21,6,14,4,0,5,11,6,9,2,0,8,0,0,2,4,0,12,6,9,0,6,17,5,8,0,0,7,7,8,5,4,10,4,0,8,5,12,0,0,7,7,5,0,5,0,12,9,0,10,0,22,1,7,0,12,7,0,4,6,9,7,0,0,11,0,0,4,4,6,12,11,17,2,3,11,4,2,3,3,0,8,3,3,0,9,8,0,1,5,11,0,8,11,0,3,6,3,4,0,6,0,6,0,2,4,0,5,0,0,3,3,1,4,7,5,0,0,0,9,2,0,7,1,10,8,2,0,22,8,0,0,9,5,5,0,0,7,0,6,0,0,3,0,0,5,7,6,0,7,1,0,2,2,0,2,0,2,0,13,0,0,5,3,2,0,8,0,4,3,6,1,13,0,5,4,4,0,0,4,2,8,4,5,0,1,9,2,0,2,10,2,7,2,3,1,0,0,0,0,0,2,0,0,0,5,5,4,1,5,0,6,1,6,4,0,6,2,0,3,0,0,5,4,2,3,1,2,4,0,1,3,1,4,3,6,3,0,2,0,7,0,0,0,3,0,1,0,1,0,3,12,5,6,0,9,5,11,12,0,1,3,0,0,9,2,1,3,1,6,1,1,2,4,5,1,3,6,3,14,8,2,3,4,9,3,0,0,0,0,0,0,0,8,1,9,4,3,2,1,1,0,3,0,5,6,2,3,2,0,0,3,0,4,0,0,0,9,0,2,4,0,0,2,2,4,0,3,2,0,0,2,1,2,3,7,2,0,3,0,0,2,0,5,2,4,0,2,3,1,4,2,4,5,8,0,0,6,0,5,4,2,0,0,0,0,0,0,2,6,9,2,0,2,5,0,0,0,2,4,0,0,0,0,0,1,1,1,1,2,0,0,4,0,2,1,3,0,0,0,3,0,2,0,0,0,2,4,2,0,3,0,3,0,0,0,2,0,6,1,0,0,3,1,0,0,3,1,0,1,3,2,3,0,0,1,2,3,1,0,0,5,0,0,0,2,1,0,0,0,0,0,2,0,0,7,2,3,7,3,3,4,0,3,0,2,2,1,3,1,2,0,0,0,0,5,0,0,2,0,0,0,4,4,2,0,1,3,2,0,1,0,3,0,1,0,3,0,0,2,0,3,1,0,0,2,2,0,2,0,1,2,0,0,6,2,1,0,0,0,1,1,0,0,1,2,3,1,0,0,3,0,0,0,1,5,0,0,7,0,0,1,1,0,2,2,0,1,2,0,1,3,1,0,1,2,0,0,0,3,0,5,0,3,0,0,0,0,0,0,0,0,0,0,0,2,0,0,0,1,0,1,2,0,0,0,3,0,0,0,1,0,1,1,0,0,,1,0,1,2,5,2,0,1,1,0,0,0,1,3,,0,0,3,3,1,2,0,0,0,0,1,2,0,1,0,0,0,3,3,4,0,1,2,0,0,0,2,0,0,1,0,1,0,1,0,1,0,0,3,1,1,0,0,0,0,2,0,0,0,3,0,0,0,0,0,0,0,0,0,0,0,0,0,0,0,0,0,1,2,2,0,0,0,0,0,1,0,0,1,0,0,0,0,0,0,0,0,0,0,1,0,1,1,2,0,0,1,0,0,0,0,0,1,0,0,0,0,0,0,0,0,0,0,0,0,0,0,0,0,0,0,0,0,0,0,0,0,0,0,0,0,0,0,0,0,0,0,0,0,0,0,0,0,0,0,0,0,0,0,0,0
2019/06,4,0,0,0,36,10,54,2,13,12,3,14,0,4,13,0,13,16,0,7,0,29,0,1,0,1,14,10,7,2,11,6,18,10,8,0,5,5,0,12,0,0,12,10,6,0,0,8,9,4,4,17,10,6,12,18,6,6,0,0,1,0,0,10,14,0,3,4,12,0,1,3,7,20,0,0,3,0,13,0,4,0,7,5,6,7,16,13,12,0,6,17,3,10,11,5,5,0,0,7,3,1,4,12,9,12,9,2,3,2,8,4,6,19,3,0,2,0,0,2,1,0,6,4,7,0,16,5,3,1,0,0,2,7,6,5,4,4,6,0,6,5,7,0,0,8,2,5,0,8,0,18,11,0,4,0,18,0,3,0,7,6,0,3,5,8,4,0,0,6,0,0,3,6,4,7,15,7,4,1,5,4,3,1,8,0,5,6,8,0,6,3,0,6,1,8,0,5,7,0,5,2,0,0,0,6,0,1,0,0,6,0,2,0,0,0,0,2,16,2,6,0,0,0,8,6,0,4,2,9,1,3,0,7,8,0,0,3,8,6,0,0,8,0,3,0,0,4,0,0,0,5,5,0,5,4,0,2,3,0,1,5,1,0,1,0,0,1,1,2,0,2,0,4,1,5,0,3,5,3,1,2,0,0,1,1,2,2,1,0,2,6,2,0,3,6,8,1,8,0,0,0,0,0,0,0,3,0,2,0,2,3,6,9,2,0,5,7,3,2,0,4,3,0,2,0,0,2,4,2,2,4,1,4,0,1,2,7,3,4,5,2,0,2,0,4,0,0,0,5,0,4,1,3,0,2,2,1,5,0,2,8,6,0,9,1,2,0,0,4,2,1,4,4,2,2,1,5,1,2,4,5,2,2,2,2,5,2,0,4,0,0,0,0,1,0,0,0,6,4,3,4,0,4,0,1,0,1,0,0,1,0,1,2,0,0,2,0,4,0,0,0,4,0,4,3,0,0,3,2,2,5,3,3,4,0,0,2,2,4,2,2,0,1,0,0,3,0,4,4,2,0,6,1,1,0,3,2,2,1,0,0,5,0,4,1,1,0,0,0,0,3,0,2,3,2,0,0,5,2,0,0,0,0,2,0,0,1,0,0,3,1,2,1,1,0,0,3,0,0,1,0,0,0,0,1,0,1,0,0,0,0,2,1,0,4,0,0,0,0,0,2,0,1,1,2,1,0,1,0,1,3,2,0,0,4,1,3,0,1,5,0,1,2,0,0,2,0,0,0,6,1,0,4,0,0,0,1,1,0,2,2,2,1,2,8,3,0,3,0,3,2,1,1,0,6,0,3,0,0,2,0,0,0,0,0,0,1,2,1,0,0,1,2,2,0,,0,0,2,0,5,0,0,1,1,1,0,1,0,2,0,0,3,0,0,,7,0,1,0,0,0,0,0,7,1,0,1,1,3,1,0,0,0,1,0,0,0,2,0,0,0,1,0,0,0,2,2,0,7,0,2,1,0,1,0,0,0,3,0,0,0,0,1,2,5,0,0,0,0,0,0,0,0,0,0,0,0,0,0,1,0,0,2,0,1,0,0,0,2,2,1,4,0,0,0,0,1,0,0,0,0,0,1,0,0,1,1,1,2,2,3,3,1,2,5,0,0,0,1,0,1,0,0,0,0,0,0,0,1,0,0,0,1,1,1,0,1,0,1,1,0,0,0,0,1,0,1,0,1,0,0,0,0,1,0,0,0,0,2,0,,0,0,0,0,0,0,0,0,0,0,0,0,0,0,0,2,0,0,0,0,0,0,2,2,0,0,0,2,0,1,2,0,0,0,0,0,0,0,0,0,0,0,0,0,0,0,2,0,2,0,0,0,0,0,0,0,3,0,0,0,0,1,0,0,0,0,1,0,0,0,0,0,0,0,0,0,0,0,0,0,0,0,0,0,0,0,0,0,0,0,0,0,0,0,0,0,0,0,0,0,0,0,0,0,0
2019/07,1,0,0,3,19,4,25,4,6,7,3,2,0,7,6,0,12,10,0,6,0,6,0,0,0,3,4,7,3,5,5,2,14,4,5,0,3,8,0,5,0,0,11,2,3,4,0,10,5,6,4,10,6,4,10,5,2,6,0,0,1,0,0,11,5,0,7,3,4,0,3,1,5,11,0,0,5,0,5,0,0,0,2,4,11,5,2,2,2,0,5,7,2,5,3,2,2,0,0,4,2,1,3,7,3,3,4,6,1,3,4,5,3,6,1,0,3,0,0,1,1,0,2,3,5,0,5,6,0,0,0,0,2,3,0,8,2,1,6,0,5,3,5,0,0,1,3,3,0,1,0,3,3,0,6,0,5,0,1,0,5,3,0,3,0,1,2,0,0,2,0,0,1,4,1,0,3,1,4,3,4,8,2,0,1,0,2,0,3,0,4,7,0,0,4,5,0,5,3,0,4,1,2,1,0,7,0,1,0,0,3,0,7,0,0,3,0,2,5,4,2,0,0,0,5,1,0,2,1,5,4,1,0,3,4,0,0,1,2,4,0,0,6,0,0,0,0,4,0,0,3,4,2,0,9,1,0,0,3,0,0,1,2,0,0,0,0,2,1,3,0,1,0,2,3,2,4,2,7,1,0,4,0,0,0,1,1,1,5,0,1,2,1,0,1,3,0,1,2,0,0,0,0,0,0,0,2,0,2,0,0,2,3,2,0,0,6,5,1,3,0,1,2,0,4,0,0,0,0,0,2,0,2,0,0,2,2,1,2,3,2,0,0,1,0,5,0,0,0,0,0,0,0,0,0,1,4,3,1,0,0,2,0,0,4,1,0,0,0,0,1,0,3,2,0,0,1,1,0,1,1,0,0,1,2,3,0,3,2,3,0,0,0,0,3,0,0,0,6,0,1,2,2,0,0,1,1,1,0,1,1,5,2,0,0,0,0,0,2,0,0,0,1,0,10,0,0,0,0,0,2,0,1,4,2,1,1,0,0,1,2,1,0,0,0,0,0,0,2,5,1,0,1,0,1,2,2,0,0,0,0,0,0,0,2,1,0,0,2,0,0,1,0,1,2,6,1,0,2,3,0,0,0,1,0,0,0,1,0,0,1,2,1,0,1,0,0,5,0,0,0,2,0,0,0,1,0,0,0,0,0,1,0,0,0,1,0,1,0,0,0,0,0,0,0,0,0,1,1,0,0,2,1,0,1,4,1,1,0,1,4,0,1,0,0,0,2,0,0,0,0,1,0,1,0,3,0,0,1,0,1,0,2,0,0,1,0,0,0,0,0,0,0,1,1,1,0,0,0,0,0,1,0,0,0,0,0,0,1,0,0,2,0,1,2,0,0,1,0,0,0,1,0,0,1,1,3,0,2,0,0,2,0,1,0,0,0,1,1,1,0,0,0,0,0,0,1,0,1,0,0,0,0,0,0,2,0,0,0,0,2,0,0,0,0,0,0,4,0,1,0,0,0,0,0,1,1,0,0,1,0,0,0,0,0,0,1,0,0,0,0,0,0,0,0,0,0,0,0,0,1,0,0,0,0,0,0,0,1,0,0,0,0,0,0,2,0,1,1,1,1,0,1,0,1,1,0,2,0,1,1,1,,0,0,0,0,0,1,1,0,0,0,0,0,0,0,0,2,0,0,1,0,0,1,1,1,0,2,0,0,0,0,2,0,0,0,0,1,0,0,0,0,0,1,0,0,0,0,0,1,0,0,0,0,0,1,0,0,0,0,0,0,0,0,0,0,0,2,2,0,0,0,0,0,0,0,0,0,0,0,0,0,0,0,0,0,0,0,0,0,0,0,0,0,0,0,1,0,1,1,1,0,0,0,0,0,0,0,1,0,0,0,0,0,0,0,0,0,0,0,0,0,0,0,0,0,0,0,0,0,0,0,0,0,0,0,0,0,0,0,0,0,0,0,0,0,0,0,0,0,0,0,0,0,0,0,0
2019/08,3,0,2,1,41,6,87,8,17,11,2,27,0,8,10,0,12,16,0,32,0,34,0,0,0,5,8,14,9,9,15,25,14,15,2,0,6,9,0,11,0,0,16,10,10,5,0,5,11,20,10,17,16,8,18,19,4,7,0,4,0,0,0,13,13,0,6,2,7,0,6,8,7,9,0,0,11,0,19,0,5,0,3,10,4,9,10,6,11,0,7,16,3,13,6,4,5,0,0,5,3,7,15,14,4,3,8,1,11,1,3,3,3,19,2,3,1,0,0,2,1,0,9,2,8,6,8,6,3,7,0,3,4,4,5,8,6,1,4,0,4,8,8,0,0,5,2,4,4,3,0,12,5,0,8,0,4,2,9,2,7,2,2,3,1,7,5,0,0,3,0,0,2,4,4,7,0,12,8,4,12,3,8,2,9,0,4,5,5,0,5,7,0,5,6,6,0,4,16,0,4,8,3,6,0,5,0,1,0,3,2,0,6,0,0,6,4,7,7,3,3,0,0,0,7,0,0,2,3,9,6,10,0,1,11,0,0,0,4,11,0,4,2,1,6,3,0,6,0,0,4,2,10,3,4,5,0,3,0,0,4,6,3,13,5,3,0,3,3,7,0,6,0,4,0,5,3,5,5,8,0,2,0,0,5,0,5,0,4,0,9,4,8,0,6,2,2,2,4,0,0,0,0,0,0,0,3,0,4,1,2,3,2,8,3,0,3,4,1,6,0,1,4,1,1,0,0,2,7,5,4,1,1,3,0,1,1,0,8,6,4,4,0,5,7,7,0,3,0,3,0,2,4,5,0,5,2,2,2,0,2,4,6,2,1,5,3,0,0,6,1,1,2,1,2,2,3,0,3,2,2,6,0,3,3,4,3,2,3,5,4,5,0,0,0,0,0,0,3,3,1,1,0,4,0,0,0,2,0,3,0,3,6,1,0,0,3,0,3,0,0,0,0,0,8,1,0,0,1,1,4,1,2,1,2,6,1,1,1,3,0,2,0,0,4,0,3,0,1,1,3,0,0,3,3,2,2,0,5,2,0,0,4,0,5,6,0,0,1,0,4,0,0,1,4,4,1,0,1,1,0,0,0,2,1,1,0,0,2,3,1,0,4,2,1,0,0,2,0,0,0,2,0,0,0,2,0,2,0,1,0,1,0,2,0,5,0,2,0,0,0,2,0,2,0,0,2,1,2,0,0,0,4,0,0,2,2,0,1,0,4,0,2,1,0,0,1,0,0,0,4,0,0,0,0,1,2,1,2,0,1,2,3,3,4,4,5,0,0,0,0,2,0,5,2,2,0,3,0,2,0,0,0,3,1,1,0,0,3,1,0,3,0,1,3,0,3,0,0,0,0,5,0,0,3,3,3,0,1,0,4,2,0,2,0,2,1,3,0,4,2,1,0,0,0,0,1,1,0,1,2,4,0,0,2,5,0,1,0,1,3,0,0,3,0,0,1,0,4,1,1,0,,0,2,1,0,1,0,1,0,0,0,1,4,1,3,0,0,0,0,0,0,0,0,0,0,0,0,0,2,0,0,0,2,0,0,0,0,1,0,2,2,1,3,0,2,1,1,2,2,0,0,1,2,0,1,2,0,0,1,0,0,4,4,0,0,0,0,1,2,0,1,0,1,0,0,1,1,0,2,0,0,0,1,1,0,0,2,1,1,0,0,1,0,0,2,1,0,0,0,0,1,0,2,1,1,1,0,0,0,0,0,0,0,0,2,0,0,4,0,0,0,1,1,1,0,1,0,1,0,1,0,0,1,3,0,0,0,0,0,0,2,0,0,0,0,0,1,0,0,0,1,0,1,0,0,1,0,0,0,0,0,0,3,0,0,0,1,0,0,0,0,0,0,0,0,0,0,0,0,0,0,0,0,0,0,0,0,0,0,0,0,0,0,0,0,0,0,0,0,0,0,0,0,0,1,0,0,0,0,0,0,0,0,0,0,0
2019/09,8,0,2,6,56,8,44,22,46,5,3,27,0,7,19,0,11,23,0,29,0,14,0,0,5,6,19,19,11,9,13,20,16,7,12,0,6,6,0,5,0,0,19,11,4,5,0,5,8,1,8,17,15,14,3,7,2,15,0,9,4,0,0,8,10,0,11,5,4,0,20,9,10,11,0,0,6,21,5,0,7,0,2,8,9,5,9,10,4,0,5,10,2,11,12,8,1,0,0,3,11,4,11,6,7,11,3,10,6,6,2,4,9,7,8,12,4,0,0,1,4,0,9,3,21,11,8,3,3,0,0,9,6,6,3,7,5,8,11,0,1,8,7,0,0,6,5,7,6,6,0,5,7,0,4,0,8,2,5,5,3,5,9,2,3,13,4,0,0,12,0,0,2,4,3,7,3,3,3,7,18,2,3,5,13,0,9,7,5,0,6,8,0,3,0,14,0,7,7,0,7,7,8,1,0,2,0,10,0,5,3,0,1,0,0,1,1,6,7,2,3,0,0,0,4,3,0,2,2,4,4,3,0,4,1,0,0,0,3,1,1,14,4,7,6,7,0,4,0,0,3,2,8,3,5,8,0,2,5,0,5,5,6,6,7,2,0,3,2,1,0,7,0,3,4,6,5,2,4,1,1,2,0,0,5,4,1,3,0,0,4,2,1,0,7,4,4,2,1,0,1,0,0,0,0,0,3,0,2,7,5,1,3,4,4,0,4,7,3,9,0,4,5,11,6,0,0,2,1,3,3,4,3,2,0,1,4,2,6,5,4,6,0,0,4,1,0,4,0,1,0,5,1,4,0,0,2,8,2,0,3,4,2,1,2,6,0,0,0,1,4,2,3,1,1,2,0,5,1,3,1,3,0,3,2,3,5,1,2,1,0,6,0,0,0,0,0,0,4,0,2,0,3,5,3,0,0,3,0,1,5,2,0,2,2,0,4,0,2,0,0,0,8,0,3,5,0,0,0,1,0,2,1,0,0,7,2,0,2,3,2,4,0,1,5,0,4,0,0,2,2,0,2,4,1,0,1,3,3,3,0,0,3,0,3,1,0,0,3,0,4,2,0,0,2,2,0,0,4,1,0,0,0,3,1,1,0,4,2,1,3,1,2,6,2,0,0,7,2,2,5,1,0,0,0,2,0,3,0,1,0,0,1,3,0,2,0,3,0,0,0,1,0,1,0,1,1,2,2,0,0,3,1,0,5,1,0,0,1,3,2,0,2,3,0,0,0,0,0,0,5,1,0,3,0,1,0,1,0,0,0,0,7,2,2,1,2,0,2,0,3,2,1,2,0,5,0,1,0,3,,2,0,1,0,1,0,2,2,1,0,0,1,0,3,0,0,0,0,0,0,3,0,0,3,1,0,2,0,0,4,3,0,4,0,0,1,0,0,1,3,1,0,0,0,0,2,0,4,0,1,2,0,0,2,2,0,2,4,2,3,0,0,2,0,0,2,2,3,0,2,0,5,0,2,2,4,,3,0,3,0,0,1,1,3,1,0,1,0,0,0,0,0,0,0,0,0,0,0,0,0,0,0,2,0,1,1,1,0,0,1,1,0,0,1,0,1,2,1,1,1,0,1,2,1,5,2,0,1,0,1,1,2,4,1,3,0,0,4,4,2,2,0,1,0,0,1,0,0,2,0,0,1,1,1,0,0,3,0,0,2,1,1,0,2,2,2,0,3,0,0,3,0,1,0,1,1,0,0,0,0,0,0,0,0,1,0,0,0,0,0,0,0,0,1,0,3,2,0,0,2,0,1,2,0,0,0,0,0,0,0,2,0,0,0,0,0,2,0,0,0,2,0,0,0,0,2,0,1,1,0,0,0,1,1,0,0,0,1,2,0,0,0,0,0,0,0,0,1,0,0,1,0,0,0,0,0,1,0,0,0,2,0,0,0,0,0,0,0,0,0,0,0,0,0,0,0,0,0,0,0,0,0,0,0,0,0
2019/10,8,0,16,17,186,31,66,43,110,32,5,62,0,38,18,0,13,80,0,74,0,21,0,0,38,35,56,52,70,5,50,53,17,68,38,0,20,32,0,21,0,0,61,60,60,27,0,23,51,36,11,40,42,40,22,26,27,13,0,51,19,0,0,31,49,0,42,22,30,0,47,23,46,33,0,0,22,45,5,0,24,0,13,11,34,26,17,24,41,0,19,15,18,40,20,27,33,0,0,12,14,14,28,37,12,28,10,34,11,7,12,29,32,28,14,34,11,0,0,2,8,0,24,10,20,27,34,27,9,10,0,31,24,12,15,22,31,21,25,0,4,16,25,0,0,30,24,24,20,10,0,22,29,0,12,0,27,8,14,29,29,26,28,4,11,25,11,0,0,24,0,1,9,13,27,6,13,7,10,9,21,8,26,12,25,0,25,4,4,0,6,25,0,3,15,25,0,17,23,0,14,16,18,8,0,24,0,10,0,24,24,0,19,0,0,4,6,13,15,7,16,0,0,0,9,15,0,11,3,10,22,20,0,13,15,0,0,7,9,12,5,14,18,10,7,14,0,11,0,0,6,15,13,21,11,21,0,9,14,0,15,20,7,8,20,9,0,11,11,8,0,15,0,9,6,16,19,10,4,18,7,17,0,0,19,5,4,7,0,0,4,8,3,0,18,18,4,16,11,0,18,0,0,0,0,0,4,0,6,12,13,4,9,15,16,0,6,14,16,10,0,16,13,16,16,0,0,7,3,16,5,4,5,3,0,11,12,8,3,7,11,15,0,9,15,15,0,15,0,12,0,7,8,7,0,7,15,10,15,0,9,13,6,15,4,15,15,0,0,9,9,14,9,0,11,5,10,10,12,14,0,6,,9,6,14,7,8,14,5,5,14,0,0,7,1,0,0,10,7,11,1,6,4,9,6,13,7,0,4,6,13,6,11,12,0,12,0,7,0,0,0,6,0,12,6,0,0,4,4,11,,10,5,12,4,10,2,9,7,7,12,0,6,12,0,8,0,0,6,12,0,10,3,1,12,6,3,12,6,0,0,12,0,11,12,5,0,8,0,8,12,0,12,12,11,4,0,5,11,0,0,0,6,6,11,0,0,9,4,7,6,3,3,3,0,0,8,7,3,4,2,0,0,0,4,0,1,0,11,0,1,10,10,0,1,0,4,10,0,0,2,0,4,5,0,5,10,10,0,10,8,10,0,7,3,0,0,1,7,1,4,5,6,0,0,3,0,0,0,6,5,0,2,0,6,2,8,1,0,0,4,0,7,9,1,8,0,5,0,9,3,9,1,3,2,0,9,0,5,4,0,0,9,1,2,0,2,8,3,0,8,2,2,5,6,0,4,0,8,0,3,0,0,5,3,2,5,1,0,4,8,7,7,0,1,8,4,5,8,2,3,0,0,0,5,4,7,1,0,2,6,0,0,6,6,0,7,1,0,6,0,0,0,0,0,4,2,2,3,1,0,1,0,4,0,1,2,4,1,2,0,0,3,2,7,6,0,2,0,0,0,0,0,0,0,0,0,0,0,4,0,0,0,5,0,1,5,3,6,2,2,3,0,1,6,1,6,3,2,6,3,2,5,6,5,6,5,4,6,3,0,5,1,4,6,0,1,0,5,3,2,2,0,5,0,0,0,5,0,4,1,5,1,4,0,3,0,5,2,5,2,4,4,0,1,2,1,1,2,0,0,2,0,0,5,1,0,0,4,1,0,4,0,0,0,2,0,0,0,0,0,0,0,0,4,0,4,3,0,2,2,0,1,3,1,0,0,0,0,4,0,2,1,0,0,0,0,3,0,0,0,1,0,3,0,1,0,1,2,0,0,0,1,0,0,0,1,0,0,0,0,0,0,1,0,0,0,0,1,0,0,2,0,0,0,0,0,0,0,0,1,1,0,0,0,0,0,0,0,0,0,0,0,0,0,0,0,0,0,0,0,0,0,0,0,0,0
2019/11,18,0,7,18,175,34,66,165,153,39,0,112,0,33,62,0,18,52,0,48,0,63,0,0,39,58,35,30,42,4,45,57,20,44,67,0,14,54,0,64,0,0,60,35,15,27,0,57,57,15,38,43,33,53,39,22,52,25,0,20,20,0,0,35,29,0,31,16,47,0,28,18,33,23,0,0,24,5,6,0,19,0,28,26,40,10,15,6,25,11,10,19,6,28,18,27,38,0,0,22,18,10,23,26,36,24,36,26,16,7,9,25,30,27,34,16,6,0,0,7,9,0,25,5,33,13,15,27,14,12,0,18,31,5,31,26,25,18,20,0,4,1,16,0,0,18,27,15,29,15,0,26,13,0,9,0,18,5,14,22,28,15,12,11,25,24,9,0,2,23,0,27,9,17,19,11,18,17,12,7,26,11,10,5,17,0,26,13,4,0,3,21,0,4,7,17,0,24,24,0,5,18,14,14,0,12,0,1,0,22,10,0,22,0,0,23,23,7,17,6,6,0,0,0,8,22,0,8,2,8,13,18,0,16,20,0,0,16,8,4,7,20,16,21,3,17,0,21,3,0,4,13,9,12,6,15,0,16,16,0,20,12,5,14,19,8,0,8,16,7,0,9,0,11,20,19,8,6,7,19,4,13,0,0,16,7,5,10,19,0,9,4,18,0,18,8,3,15,5,18,8,0,0,0,0,6,4,17,9,10,6,3,7,15,17,0,8,11,8,13,0,4,5,14,13,0,0,3,1,14,9,6,8,2,0,8,13,14,6,6,3,11,0,11,10,12,0,11,0,9,0,8,6,8,0,5,2,15,10,0,6,12,15,15,2,7,7,0,0,14,14,2,5,4,10,2,9,7,14,10,3,5,14,14,4,5,14,1,10,14,2,5,0,0,1,14,0,0,13,6,5,6,3,10,13,0,6,8,0,13,3,11,6,4,13,7,13,0,5,0,0,0,11,0,5,13,0,0,1,8,12,12,8,5,12,12,12,4,6,12,2,12,0,8,8,0,7,0,5,2,9,12,4,5,2,2,3,3,10,12,0,0,12,0,12,8,4,0,5,0,12,7,0,10,7,5,9,0,6,10,0,0,0,6,2,10,0,2,10,7,0,8,6,5,3,0,0,10,11,3,7,9,0,0,0,3,0,4,2,3,0,0,3,6,0,6,0,8,8,0,0,3,0,9,6,2,9,6,3,0,3,5,8,0,8,2,5,4,2,1,1,3,2,2,0,0,7,0,0,1,2,9,0,1,2,4,1,6,2,0,0,8,6,0,7,3,7,0,3,0,1,5,3,8,4,4,0,6,0,9,3,1,0,1,9,9,0,9,3,8,0,5,1,1,4,2,8,3,0,5,0,8,0,0,8,2,2,8,1,0,6,6,6,8,0,3,0,3,3,4,5,2,0,0,0,2,7,1,1,7,7,2,0,0,7,2,0,3,1,2,7,0,0,0,1,0,5,4,0,3,1,0,0,0,7,0,4,5,7,4,3,0,0,7,5,6,4,0,7,0,0,0,0,0,0,0,0,0,0,0,2,6,0,0,6,0,3,2,4,2,4,0,3,2,1,5,6,5,4,2,1,3,3,3,1,2,6,5,0,5,5,3,6,5,1,4,0,5,6,6,5,3,2,0,4,0,0,3,4,0,2,5,0,3,1,1,0,0,3,4,1,4,3,5,0,2,1,1,1,3,0,0,1,0,2,2,2,5,0,3,4,0,2,0,0,0,2,0,0,0,0,0,0,0,1,1,0,1,0,1,1,4,0,4,2,0,0,1,0,0,0,4,4,0,1,1,0,0,0,0,0,0,0,0,3,0,0,1,2,2,3,0,0,0,1,1,0,2,0,0,2,0,1,0,0,0,0,0,0,0,1,0,1,0,0,0,0,0,0,0,0,1,0,0,0,0,0,0,0,0,0,0,0,0,0,0,0,0,0,0,0,0,0,1,0,0,0,0
2019/12,14,0,20,18,16,19,43,25,57,12,0,37,0,12,23,0,12,24,25,9,0,39,30,0,12,37,21,37,3,3,32,32,34,22,6,0,7,14,17,20,13,0,21,11,21,22,0,27,5,7,19,18,44,17,46,17,6,15,35,2,17,9,0,10,14,14,12,9,27,0,2,10,13,17,0,3,11,5,3,0,19,0,12,19,15,20,21,9,15,18,6,12,9,19,7,6,2,0,0,9,26,5,11,14,5,13,12,9,18,5,15,5,13,26,3,18,6,10,0,8,5,0,10,4,12,5,18,6,9,7,2,5,14,3,5,11,8,5,1,0,2,7,2,5,8,14,18,14,16,10,0,14,4,29,17,7,6,3,7,6,24,3,13,6,3,10,19,0,10,7,0,0,4,14,9,7,17,3,12,9,16,13,,7,7,6,6,5,12,0,5,20,0,8,3,11,5,11,8,0,9,19,4,3,0,3,0,3,0,13,6,3,6,8,0,7,4,6,5,1,9,0,0,0,8,4,5,2,3,10,6,14,10,1,12,0,0,14,5,4,0,8,9,5,9,3,0,6,11,0,5,6,10,10,7,5,0,8,4,3,10,3,4,4,7,0,6,2,4,10,2,10,0,6,2,8,7,9,3,9,2,10,6,0,4,19,0,5,2,0,1,0,4,0,13,6,3,7,9,2,2,1,5,8,17,7,5,,5,1,8,5,2,7,6,0,7,3,4,5,5,4,9,4,8,0,2,6,1,4,3,6,1,6,0,3,8,16,3,8,12,2,0,6,3,3,0,5,0,9,6,1,5,3,4,3,3,7,10,2,0,10,7,4,8,2,4,1,3,2,7,7,3,6,4,1,3,2,9,4,7,5,7,3,2,0,7,4,8,1,2,7,0,0,1,2,0,5,5,3,1,9,1,3,3,0,1,3,5,4,3,0,3,5,5,2,6,0,2,0,0,0,8,0,2,2,8,6,2,2,4,2,0,2,5,3,0,4,4,3,4,2,3,1,2,3,1,11,0,4,4,0,7,3,0,4,3,2,8,5,0,0,7,7,5,7,1,0,1,0,0,1,0,0,2,4,2,0,4,11,0,7,0,4,3,6,1,6,7,11,2,1,1,2,1,0,0,2,4,7,1,6,0,0,0,3,0,2,3,3,3,1,6,0,0,3,2,0,3,0,0,4,1,8,0,2,10,3,0,10,0,4,1,0,3,0,1,7,0,1,3,1,1,4,4,2,6,0,1,4,5,1,4,1,0,3,2,6,1,0,0,3,4,4,2,2,4,2,3,0,2,1,0,2,2,4,1,5,0,4,2,3,1,1,2,1,0,3,1,2,0,2,5,1,7,1,1,3,0,1,0,1,0,2,3,3,2,1,3,0,3,3,1,2,0,0,0,1,3,4,5,3,0,0,0,2,2,4,0,0,1,6,0,0,1,3,0,1,1,1,2,3,2,0,2,3,2,2,1,1,3,0,1,0,0,1,5,0,3,3,0,1,0,1,3,1,5,2,2,6,0,0,0,0,0,0,0,0,2,0,0,1,0,0,0,2,1,3,1,3,3,0,0,5,6,1,2,3,0,2,1,2,0,2,2,2,1,4,0,2,3,4,2,1,2,4,1,4,0,1,3,5,0,0,0,0,0,1,1,0,2,0,1,2,1,1,1,0,0,4,1,1,1,4,0,2,0,2,0,2,0,5,0,1,2,1,3,1,0,2,1,0,0,0,1,0,2,0,0,,0,0,0,1,2,3,4,0,2,0,1,3,0,0,4,0,1,0,0,0,0,0,3,0,3,3,0,0,0,0,0,0,2,0,0,0,0,0,1,0,0,0,0,0,2,0,0,0,2,0,0,0,3,0,0,0,0,0,0,0,1,0,1,0,0,0,0,0,0,0,0,0,2,0,0,0,0,0,0,1,1,0,0,0,0,0,1,0,0,0,0,0,0,0,0,0,0,0
2020/01,17,0,13,15,15,5,33,15,35,24,0,12,0,22,23,0,3,15,15,4,0,23,11,0,20,23,6,12,11,1,14,13,12,12,2,0,4,6,10,7,11,0,10,3,5,6,0,9,8,5,15,11,9,5,16,13,9,5,5,4,2,9,0,8,6,11,4,7,9,0,5,5,14,9,0,2,7,4,0,0,9,0,7,11,10,4,11,0,6,6,2,13,3,10,4,7,5,0,0,5,0,5,5,7,2,8,13,10,8,4,4,7,2,7,0,11,6,2,0,0,4,0,6,7,9,5,8,7,4,1,6,1,6,2,4,13,6,1,0,0,2,4,3,11,2,4,3,5,9,1,0,4,0,10,4,6,5,4,5,5,6,5,4,2,4,8,6,0,5,5,0,0,2,4,5,9,1,4,6,2,6,1,4,7,4,1,7,2,2,0,3,9,0,3,0,3,7,2,6,,3,2,4,1,0,2,0,0,0,4,3,2,10,6,0,4,1,3,3,0,2,0,0,0,0,2,8,2,2,5,3,3,6,2,1,0,0,7,1,3,3,4,0,3,3,5,0,3,7,0,7,6,10,2,2,4,0,5,3,0,4,0,3,2,1,1,3,4,5,2,1,3,0,4,2,1,2,2,9,10,1,5,4,0,3,1,3,1,1,2,0,6,0,0,5,4,2,2,3,4,0,1,7,5,9,4,2,7,3,0,3,1,3,5,3,0,1,4,3,3,0,3,4,2,0,0,2,2,1,6,1,3,2,4,0,2,4,0,3,4,2,0,1,2,1,3,0,3,0,0,2,2,7,0,0,2,0,7,0,0,2,4,1,4,3,3,1,1,3,3,3,1,2,3,0,1,4,0,2,2,2,2,3,0,5,3,2,3,2,0,1,2,0,0,0,0,0,2,1,1,0,2,1,2,0,2,1,2,3,4,4,1,3,3,0,5,4,0,3,0,0,1,3,0,1,1,1,2,6,0,3,0,3,3,4,1,4,2,0,2,2,2,0,2,1,3,0,4,0,2,3,0,5,1,2,0,0,2,7,0,0,1,2,4,3,4,0,0,2,0,5,0,0,0,1,1,0,0,3,1,0,5,0,2,0,3,1,5,2,1,2,0,0,2,1,0,0,1,1,1,2,0,0,0,0,2,0,1,4,0,0,1,3,1,0,2,2,2,2,0,0,0,1,3,1,0,1,2,3,0,2,1,2,0,3,1,4,3,3,0,4,0,1,2,0,1,1,0,2,4,2,0,2,0,0,5,2,0,1,0,0,2,2,2,2,3,3,1,1,0,1,1,0,2,0,3,2,2,0,1,1,1,3,0,0,0,1,0,0,0,0,1,3,0,6,0,3,1,0,2,0,1,0,1,1,3,0,0,1,0,0,0,2,0,0,0,0,0,0,2,1,1,0,0,0,1,3,0,1,1,1,1,0,1,1,3,0,1,1,0,0,2,2,0,2,1,0,1,1,0,0,1,0,0,1,2,0,0,1,1,1,0,0,1,1,1,1,2,3,4,0,0,4,0,0,0,0,0,3,0,0,0,0,0,2,1,1,0,2,1,1,0,0,1,0,1,0,4,0,1,1,1,0,0,1,0,0,3,0,0,0,0,1,2,0,0,0,2,0,0,0,1,1,1,2,0,5,2,0,0,1,0,1,2,2,1,1,0,2,0,0,1,1,1,0,1,1,0,0,1,0,1,1,0,0,1,0,2,0,1,0,0,0,0,2,0,3,0,0,0,1,0,0,1,0,0,1,1,2,0,3,0,0,0,0,0,0,0,0,1,0,0,1,0,1,0,0,0,0,0,0,0,1,0,0,0,0,0,1,0,1,0,0,0,0,1,0,0,0,0,0,0,1,2,1,0,0,0,0,0,0,0,1,0,0,0,0,1,0,0,0,0,0,0,0,0,0,0,0,0,0,0,0,0,0,0,0,0,0,0,0,0,0,0,0,0,0,0
2020/02,684,,497,296,138,98,118,79,91,111,1,97,0,104,23,0,21,103,101,39,0,74,80,0,66,74,74,71,54,15,58,69,45,61,28,0,45,45,63,45,62,0,59,16,9,59,0,39,30,12,58,52,16,53,52,48,44,35,12,19,48,50,0,50,39,48,48,30,40,0,15,46,11,46,0,21,45,2,45,0,28,0,44,15,43,43,41,11,35,41,11,38,23,40,12,20,10,0,0,39,37,37,18,25,10,36,27,34,36,35,18,35,15,22,22,24,9,34,0,2,27,0,28,33,27,33,23,33,12,8,19,0,16,17,15,26,13,31,31,0,13,30,16,30,30,26,30,30,13,26,0,26,1,19,9,29,27,12,29,21,13,22,17,11,17,29,29,0,27,24,27,3,9,27,9,27,,24,16,27,18,9,22,26,26,26,21,4,14,0,7,18,0,16,15,9,14,9,18,8,24,24,24,11,0,1,0,0,0,13,16,6,13,23,0,8,12,21,15,3,23,0,0,0,,8,22,22,6,21,11,7,22,19,11,0,0,22,4,17,9,19,18,11,21,6,0,18,9,0,21,12,21,0,21,12,0,20,20,20,11,6,15,20,5,5,20,20,20,20,20,15,0,20,10,15,6,19,19,16,10,18,8,0,7,1,6,19,2,10,11,7,2,0,14,9,17,17,9,16,4,5,17,10,15,17,17,4,8,0,15,13,13,12,8,0,17,7,3,16,16,12,13,10,8,0,16,4,9,5,16,2,11,16,0,10,16,15,15,13,14,5,15,15,9,8,0,5,0,12,15,15,13,11,15,15,4,8,2,9,7,11,5,6,15,15,2,15,14,5,4,14,11,9,14,5,14,3,6,1,8,8,3,13,9,8,12,5,11,0,9,8,0,0,4,0,0,8,5,6,13,13,13,6,5,11,8,12,10,8,13,10,0,13,0,2,6,0,2,0,0,13,5,0,13,5,13,13,6,6,10,1,8,10,5,7,6,12,3,6,8,8,7,12,8,12,12,12,0,9,4,0,12,12,7,3,7,12,7,7,0,12,4,6,9,10,5,0,5,0,5,3,8,2,1,9,11,0,3,10,0,10,0,8,2,6,6,9,11,8,1,3,4,7,5,0,1,7,7,7,4,6,0,0,0,10,0,11,11,3,8,4,2,6,0,10,8,10,4,0,0,7,6,9,2,10,7,3,6,0,2,9,5,0,10,0,10,3,10,10,8,5,10,7,9,7,8,0,9,7,7,6,9,1,0,9,9,8,3,0,0,9,7,8,5,6,2,4,8,3,2,7,3,7,4,9,5,4,0,1,9,1,4,4,0,4,6,9,2,1,0,1,6,8,6,2,5,8,8,7,0,5,0,4,1,2,8,1,8,0,1,7,8,4,0,1,5,8,8,1,8,5,0,1,0,4,5,4,7,2,5,2,0,4,0,7,0,1,7,1,4,3,7,0,3,7,0,6,1,7,4,7,1,0,0,7,7,7,1,7,2,4,0,0,1,6,1,1,6,5,0,0,4,0,0,6,3,3,6,0,6,1,0,4,2,6,6,6,3,4,2,5,0,4,0,1,3,0,2,2,5,2,4,6,3,4,1,6,4,1,4,2,3,0,6,2,1,6,1,4,1,5,1,4,3,0,4,5,3,3,5,2,2,5,1,5,5,0,1,4,3,2,3,4,0,1,3,4,1,2,0,4,0,1,0,2,5,3,4,1,0,0,1,0,4,3,3,0,0,2,4,0,0,1,1,1,3,3,1,2,1,0,0,0,4,0,0,1,0,3,3,2,0,4,4,2,0,0,1,0,0,0,2,0,2,0,0,2,2,0,0,0,0,1,1,3,2,3,0,0,3,0,0,2,1,0,0,0,1,0,2,0,2,0,0,0,0,2,0,0,0,2,1,0,0,1,0,1,1,1,2,0,0,0,0,0,0,0,0,0,0,0,0,0,0,1,0,0
2020/03,154,537,436,124,86,169,103,67,40,152,146,83,0,118,50,12,21,67,58,18,0,62,28,25,42,34,29,45,36,15,56,32,44,19,12,0,65,26,62,42,36,0,2,14,8,32,7,37,25,6,26,35,28,51,48,27,15,18,6,12,50,31,0,32,35,26,43,48,7,0,11,16,13,24,0,10,27,1,34,0,36,0,37,13,28,30,33,21,22,6,6,20,26,22,25,30,11,0,0,18,29,34,25,6,17,14,19,36,29,9,13,23,13,21,5,21,8,18,9,2,34,0,34,32,16,3,16,21,4,8,0,0,25,7,9,25,10,10,1,0,7,20,13,17,21,11,13,14,21,14,12,27,4,25,15,20,20,29,12,4,22,20,22,4,27,21,23,0,21,27,7,5,4,10,7,11,14,28,21,17,11,17,2,13,14,15,21,6,9,10,4,19,0,7,17,6,9,8,13,23,8,6,6,7,0,2,0,0,0,19,16,5,5,17,0,6,5,17,13,5,7,0,0,0,11,10,6,9,6,10,13,19,11,8,11,0,7,14,12,8,2,1,10,0,10,0,0,9,12,0,14,18,7,4,9,11,0,12,4,9,8,13,8,11,10,3,16,11,11,10,10,15,0,17,10,4,6,14,8,11,9,19,5,4,12,7,8,14,2,12,9,4,6,0,13,2,7,13,5,3,1,5,9,12,8,10,12,0,7,8,10,7,11,10,14,0,12,4,5,12,11,2,12,6,15,1,5,3,9,2,4,5,5,10,8,8,4,8,6,16,6,6,0,12,0,8,0,1,4,15,8,5,4,1,7,4,3,11,10,3,3,2,1,1,4,8,2,8,10,2,3,9,14,6,2,8,8,9,6,9,3,8,5,12,3,5,8,6,11,7,4,0,0,4,8,0,1,5,3,4,5,10,3,10,3,1,0,5,8,8,5,12,7,8,0,0,1,2,7,0,0,3,13,1,6,7,11,12,2,4,3,0,1,12,10,8,12,6,6,4,5,9,12,1,1,6,2,7,0,7,12,0,5,8,3,1,8,7,7,2,2,5,2,12,10,5,1,0,3,0,1,3,5,1,1,7,6,3,3,3,0,9,1,11,6,1,2,4,2,4,7,1,1,6,9,7,1,7,6,10,7,3,0,0,1,6,1,9,7,3,4,0,4,3,0,8,9,2,2,0,0,10,6,5,5,1,3,3,2,0,5,7,1,0,4,0,5,3,3,2,0,2,7,4,5,7,2,3,3,9,6,2,5,4,0,6,3,5,4,0,0,2,4,4,4,6,4,7,9,4,1,9,5,1,2,1,3,2,0,0,0,0,4,4,1,2,1,3,5,1,0,1,1,2,1,4,3,0,4,3,0,5,0,8,2,0,0,2,2,0,0,5,3,3,4,1,2,5,2,1,3,2,2,7,0,5,4,3,1,1,1,7,1,7,1,3,0,0,1,1,1,4,2,0,4,1,2,5,1,1,3,4,2,0,0,4,1,1,0,2,5,1,0,0,0,5,5,1,3,7,1,2,4,0,1,5,1,5,2,0,6,0,6,0,0,3,0,2,2,0,2,2,0,1,2,1,4,2,1,6,1,1,4,2,4,6,3,5,4,2,6,4,2,1,2,2,1,4,0,2,1,1,0,2,3,0,4,5,1,1,3,1,0,1,1,2,4,0,3,3,1,0,4,2,0,5,3,4,5,4,0,5,3,5,2,0,0,1,5,1,0,0,0,4,2,0,0,0,0,0,0,2,1,0,0,0,4,2,1,2,0,4,2,0,0,4,0,1,0,4,2,1,2,2,2,1,0,0,0,0,0,1,1,1,0,3,0,0,3,1,1,0,0,0,0,1,3,1,0,0,3,2,0,3,0,2,0,0,0,0,1,0,0,0,0,0,0,0,1,0,0,0,1,1,0,1,1,0,1,2,1,0,0,0,0,0,0,1,0,0,0,0,0,0,1,0,0,
2020/04,195,182,108,14,20,44,111,32,25,48,32,56,95,29,58,5,32,35,53,31,93,20,48,80,49,22,25,10,25,14,30,33,21,30,4,0,40,27,32,17,45,22,0,4,16,10,12,12,16,11,20,39,28,20,42,22,2,14,51,4,8,34,0,29,36,23,15,2,17,2,8,9,17,9,6,12,11,3,16,0,21,15,12,7,18,26,8,11,24,19,7,13,5,19,5,15,13,0,0,10,19,20,21,0,36,11,19,15,11,4,3,14,12,25,0,21,5,34,2,2,3,0,31,20,10,6,12,17,0,4,32,11,15,10,8,16,6,3,0,0,10,15,6,16,5,7,16,14,10,4,10,10,6,17,11,11,25,3,14,9,13,13,10,3,28,24,8,0,12,2,6,5,27,12,13,7,13,19,4,12,5,9,,5,9,12,21,7,4,5,8,14,0,5,6,5,24,5,11,8,10,15,4,2,0,6,7,0,24,10,13,14,10,15,3,17,2,9,9,7,1,0,0,11,10,5,17,16,0,6,3,9,2,13,15,0,10,9,8,5,4,9,2,6,6,15,9,16,8,0,3,2,2,12,7,12,20,0,0,10,9,2,5,9,5,20,6,7,6,3,1,10,0,4,10,13,9,3,4,10,7,13,6,4,5,3,1,4,4,5,12,5,1,11,12,7,2,7,3,5,0,5,5,2,13,10,7,,3,14,0,4,6,5,7,0,9,3,2,7,9,11,12,5,4,2,8,5,2,4,4,3,10,0,3,2,6,4,3,2,4,11,0,11,6,4,0,7,4,7,1,4,4,7,6,5,4,3,10,2,3,4,7,4,6,1,0,7,8,3,0,1,9,2,2,2,4,8,2,10,0,7,2,9,6,7,2,2,4,5,1,2,0,3,0,0,3,5,4,1,8,2,4,2,1,13,1,2,1,1,7,5,3,6,5,0,9,7,1,6,6,4,5,2,4,2,7,4,2,1,4,1,0,3,7,5,2,1,2,12,6,8,6,0,1,2,5,4,0,3,0,0,1,2,2,1,8,1,4,5,7,3,2,10,12,0,0,0,12,6,3,0,1,7,1,5,8,2,2,3,0,8,4,9,2,4,1,0,3,6,2,3,1,1,2,1,5,3,5,1,6,1,4,2,1,4,6,0,2,1,10,4,2,3,3,5,10,1,1,4,2,1,5,7,0,1,4,4,1,0,0,5,3,0,4,,2,4,1,2,3,1,6,0,3,4,1,1,8,4,3,0,6,4,0,1,3,2,0,4,0,0,1,3,3,2,2,2,4,2,6,3,3,2,0,2,1,2,1,1,1,2,3,4,0,0,1,3,1,1,4,6,0,0,6,1,2,3,0,1,0,3,0,5,0,0,2,0,0,3,4,1,6,2,1,0,0,3,2,5,3,2,4,2,0,3,3,0,4,2,3,0,0,7,0,2,0,0,0,0,0,4,1,0,0,3,2,0,1,1,2,0,0,3,0,0,1,6,0,1,1,1,0,0,7,6,7,1,0,2,4,2,6,0,1,1,0,6,2,1,1,0,3,2,0,4,0,0,5,1,0,4,0,2,0,0,0,0,1,1,1,0,1,3,1,0,0,4,0,3,4,1,2,2,0,2,0,1,0,4,1,1,0,2,0,0,2,0,2,5,2,0,0,0,0,0,1,0,2,2,0,0,2,1,2,0,0,0,1,0,0,1,1,2,1,2,1,0,4,0,0,1,0,1,2,2,1,0,2,0,0,2,0,0,0,0,2,0,0,1,1,1,2,1,1,0,0,0,0,1,0,1,1,0,1,0,0,0,0,0,0,0,0,0,0,1,0,1,1,0,0,0,0,0,0,0,2,2,0,0,3,0,0,2,0,1,0,0,0,0,2,0,0,0,0,2,0,0,0,0,0,0,2,2,0,1,0,0,2,0,1,0,0,0,0,0,0,0,0,0,1,0,0,0,1,1,0,
2020/05,65,31,16,38,1,37,142,60,11,55,0,124,120,17,54,106,49,68,69,68,13,47,38,14,76,14,20,0,22,32,70,44,34,35,18,32,21,62,16,39,25,61,1,10,40,18,58,15,41,20,25,37,54,50,34,31,3,44,39,5,2,18,30,45,37,19,30,26,27,47,23,15,18,33,18,11,10,3,21,13,45,44,25,19,16,43,20,42,22,31,16,13,1,27,4,38,13,0,38,20,8,31,8,14,13,32,30,22,27,5,15,21,35,33,0,34,34,17,16,2,13,34,31,19,22,6,10,19,6,6,19,21,17,11,10,18,8,14,0,21,16,22,4,21,6,14,15,24,21,23,25,29,6,19,29,20,27,12,23,25,21,16,10,8,14,24,26,0,19,11,18,1,7,14,21,11,26,11,17,15,15,26,,5,12,10,22,15,15,25,25,19,9,25,19,16,11,17,18,22,23,5,7,1,0,13,19,0,17,13,13,7,8,15,23,4,6,12,23,14,10,1,22,22,13,17,11,13,5,20,8,22,13,17,18,0,22,16,13,11,21,21,12,6,11,21,21,19,21,0,12,10,16,12,17,15,20,5,13,8,14,6,15,14,19,6,18,13,4,13,6,13,12,18,5,14,5,10,13,6,9,12,19,19,18,2,6,13,4,19,17,,3,18,15,10,16,11,7,0,0,8,9,9,8,11,10,,7,17,7,10,13,17,17,6,12,11,9,10,3,13,16,9,6,10,10,16,12,8,5,16,13,11,11,7,11,14,8,16,9,8,1,12,11,5,12,9,1,6,15,6,15,15,1,10,5,12,6,8,4,15,11,5,13,6,8,6,13,2,0,2,5,7,7,2,10,14,5,12,5,9,7,12,2,8,8,6,10,0,2,6,11,7,3,0,13,13,10,13,11,11,6,12,5,1,1,7,13,4,3,6,13,6,6,7,9,13,1,13,13,7,5,7,6,3,10,10,1,2,1,5,3,6,8,6,8,5,7,8,6,7,4,4,11,5,6,8,0,12,12,1,7,2,4,7,7,5,9,6,12,5,5,8,10,5,12,7,0,12,9,1,5,1,2,2,6,6,9,2,4,10,11,11,1,4,11,2,10,2,8,3,7,2,11,11,3,0,1,3,4,11,5,8,11,10,11,4,10,1,11,7,4,5,10,10,8,0,0,6,10,4,10,1,2,3,5,4,5,0,4,10,2,0,1,,1,4,2,1,7,2,8,3,5,3,9,9,9,3,8,0,1,9,0,2,2,4,3,9,0,4,1,4,2,4,5,9,4,9,9,8,6,3,2,4,3,2,9,2,2,2,9,4,1,2,5,2,5,1,5,2,4,0,5,4,1,0,2,4,0,8,0,6,2,3,0,1,2,4,8,3,8,1,2,1,3,2,1,6,4,2,8,6,0,1,4,4,3,0,4,1,0,5,4,7,,3,3,4,2,7,3,0,4,2,1,7,7,1,7,4,3,7,3,6,0,1,7,0,5,3,2,1,1,4,6,5,1,3,6,2,1,0,6,2,1,1,6,1,0,1,6,6,1,4,1,5,6,2,6,3,0,4,0,0,5,1,2,0,2,4,6,1,4,1,1,2,4,1,5,2,5,6,5,2,0,1,0,0,3,1,3,1,1,0,4,3,2,3,0,2,3,0,4,1,3,0,2,1,0,0,5,3,1,2,0,3,0,4,0,2,2,5,0,3,1,0,2,2,0,1,1,1,2,3,1,4,3,0,4,1,4,0,0,1,3,2,0,2,2,2,4,2,1,3,0,0,0,4,0,0,2,0,4,1,0,0,0,3,0,1,3,3,1,2,0,1,,1,0,0,0,1,0,3,3,1,0,0,2,2,3,1,3,3,0,0,1,0,0,0,1,2,0,1,0,1,0,0,2,0,1,2,2,2,2,0,1,1,0,0,0,0,1,0,0,0,0,1,0,0,1,0,1,1,0,0
2020/06,20,13,21,19,0,14,170,42,1,52,1,92,33,32,116,57,104,63,78,99,6,84,22,4,61,3,49,0,6,70,47,57,69,25,0,66,12,63,10,54,50,50,0,3,29,14,33,29,34,57,36,55,45,51,33,49,0,51,48,17,22,22,49,31,46,26,16,26,32,17,16,19,21,41,45,45,25,5,0,45,33,29,9,22,38,44,40,42,44,25,41,28,39,18,5,39,30,38,21,18,7,22,37,10,36,26,34,27,25,2,35,32,30,34,0,34,13,28,34,5,10,19,22,9,30,9,19,30,8,9,19,10,26,16,11,32,17,22,0,30,30,23,4,16,15,19,16,23,12,29,29,30,10,7,17,19,26,12,13,25,28,28,12,10,20,23,13,28,18,19,8,1,3,11,16,17,27,14,26,25,22,13,0,14,16,8,22,25,25,11,,21,25,13,25,22,22,20,20,24,21,12,21,24,24,12,24,0,22,21,10,24,16,19,20,6,1,24,18,23,15,23,19,12,22,17,19,9,2,22,12,18,10,10,22,22,18,14,22,20,7,19,21,7,17,15,18,19,18,21,9,21,19,5,16,14,20,6,5,12,12,2,20,15,9,11,11,19,15,8,7,20,20,12,12,19,1,18,15,12,7,18,13,12,13,10,5,12,7,9,19,2,5,12,11,15,18,18,12,14,0,18,11,17,12,12,6,,17,11,9,17,7,11,11,17,9,17,11,6,11,15,13,11,9,16,8,16,16,13,8,12,16,7,16,16,6,16,9,12,15,7,0,6,12,14,15,5,15,12,12,8,5,8,5,15,8,9,4,15,5,8,8,6,10,9,4,3,11,12,0,6,12,14,7,14,9,9,5,8,14,7,2,12,7,6,9,1,2,8,8,3,14,14,14,0,14,9,6,13,10,12,2,13,1,0,0,13,11,9,6,7,9,7,7,13,9,12,6,13,12,3,7,13,6,4,6,11,2,4,7,9,4,10,6,5,4,8,5,7,8,7,10,12,5,11,4,11,0,10,9,1,8,12,12,7,12,2,3,5,6,6,9,8,10,12,0,12,0,10,7,0,12,0,2,0,9,11,11,4,11,11,11,10,11,9,5,4,9,1,11,5,6,11,5,6,11,1,8,8,11,5,11,11,6,11,6,8,3,1,10,11,6,6,5,5,4,0,1,10,4,6,7,0,10,5,10,1,7,0,0,4,5,0,4,,3,5,2,3,10,3,3,8,8,9,0,6,6,1,9,1,7,6,0,6,5,6,9,5,0,7,9,3,2,9,9,7,6,8,6,9,6,9,5,6,9,5,4,2,2,1,8,3,1,2,9,7,7,1,8,3,4,0,8,3,6,1,5,4,8,4,8,4,5,3,4,0,1,8,3,6,8,4,8,0,1,5,3,5,2,4,2,5,7,4,4,1,7,1,2,2,0,3,1,7,7,2,2,4,6,4,7,0,7,5,7,2,7,4,7,1,7,6,0,7,2,3,3,5,2,7,7,3,5,5,5,7,3,4,7,6,5,6,4,2,6,3,2,6,4,0,5,0,1,4,2,4,5,3,6,3,0,6,1,4,5,2,4,0,0,5,4,0,1,3,3,2,4,1,4,6,2,5,1,1,0,4,1,0,6,1,5,5,2,5,4,3,4,3,1,0,3,1,3,4,5,5,1,5,0,5,2,1,5,3,2,5,1,4,0,0,5,3,,1,1,0,1,0,0,4,3,2,3,4,3,1,4,3,2,4,2,4,0,2,1,0,1,1,4,1,3,4,1,1,4,0,4,2,0,0,2,1,3,2,3,0,0,0,3,3,1,0,1,1,0,2,2,3,0,0,0,0,0,0,2,1,0,0,0,3,0,,2,3,0,2,2,0,2,2,1,0,2,0,2,1,2,0,2,0,2,2,1,0,1,0,0,1,1,1,1,0,0,1,0,1,0,1,1,0,1,0,1,0,1,0
